,server_name,point_winner,num_shot,how,Service,tension_score,10_last_ALCARAZ,serve_side,SINNER_avg_vx,SINNER_avg_vy,SINNER_max_vx,SINNER_max_vy,SINNER_avg_v,SINNER_max_v,SINNER_avg_power,SINNER_max_power,ALCARAZ_avg_vx,ALCARAZ_avg_vy,ALCARAZ_max_vx,ALCARAZ_max_vy,ALCARAZ_avg_v,ALCARAZ_max_v,ALCARAZ_avg_power,ALCARAZ_max_power,SINNER_avg_speed,SINNER_max_speed,SINNER_avg_depth,SINNER_lift_pct,SINNER_avg_laterality,SINNER_speed_std,SINNER_depth_std,SINNER_laterality_std,ALCARAZ_avg_speed,ALCARAZ_max_speed,ALCARAZ_avg_depth,ALCARAZ_lift_pct,ALCARAZ_avg_laterality,ALCARAZ_speed_std,ALCARAZ_depth_std,ALCARAZ_laterality_std,ALCARAZ__service_speed,ALCARAZ__service_laterality,ALCARAZ__service_depth,SINNER__service_speed,SINNER__service_laterality,SINNER__service_depth,service_int,serve_side_int,server_name_int,target,pred_prob_alcaraz,momentum_point_alcaraz,momentum_point_sinner,momentum_smooth_alcaraz,momentum_smooth_sinner,rolling_momentum_alcaraz
2,SINNER,ALCARAZ,4,ERROR,2nd Serve,12,0.0,Right,9.619176136363636,8.989517045454544,20.97,24.659999999999997,19.329080951814884,37.200562631694694,229.51399285484908,943.28,5.858352272727273,5.554261363636363,11.879999999999999,14.22,9.768459474470513,17.99111271070046,73.87296282915864,264.90000000000015,110.09893349200993,110.09893349200993,56.583929322675644,0.0,8.383961117861482,0.0,0.0,0.0,149.05362464660237,149.05362464660237,97.47580984434161,0.0,74.48359659781289,0.0,0.0,0.0,116.75692145454924,78.37181044957472,75.09465713083719,0.0,0.0,0.0,2,1,0,1,0.995214,0.990428,-0.990428,0.9904279708862305,-0.9904279708862305,0.0
3,SINNER,SINNER,12,ERROR,1st Serve,26,50.0,Left,5.078973607038123,7.58934017595308,13.301999999999975,20.07359999999998,13.855633632714452,29.97139992436881,154.32073675339552,610.61,6.0175953079178885,3.2972287390029327,14.040000000000001,10.080000000000002,8.260028668002079,17.300101569516674,53.241452401407294,201.02499999999998,119.93227757029051,139.06068993460644,66.98359276398821,100.0,49.40461725394896,17.141833917048206,9.880878158671939,28.963176672781586,125.72233597414932,176.82128852911816,77.6525031552377,100.0,58.639125151883356,33.184862290493164,10.57963949724927,13.982668928423744,0.0,0.0,0.0,213.4572761751898,6.682867557715674,84.3871975019516,1,0,0,0,0.04956465,-0.9008707,0.9008707,-0.0602935022777981,0.0602935022777981,0.044778645038604736
7,SINNER,ALCARAZ,13,ERROR,2nd Serve,17,33.333333333333336,Right,5.197892670157068,7.192225130890053,14.4,18.666000000000007,13.038800673079747,25.045514270300526,135.7875087020003,447.72,6.175523560209423,4.447892670157069,15.120000000000001,12.600000000000003,9.258605402300832,17.775214810931104,53.800299313768434,189.00000000000003,125.49215954105848,134.70582777556638,71.4598233066891,100.0,51.00850546780073,9.239354711196821,10.779306716214037,21.17189010755598,117.1077920794562,151.5341286197151,67.3397840415089,100.0,48.76468205751316,28.88142738374697,12.337460268465698,20.62805133375457,0.0,0.0,0.0,166.88366902191828,60.87484811664642,69.24277907884465,2,1,0,1,0.933278,0.86655605,-0.86655605,0.31956287094804103,-0.31956287094804103,0.31870444615681964
9,SINNER,ALCARAZ,3,ERROR,2nd Serve,17,37.5,Right,3.6710439560439565,7.5659340659340675,9.0,20.160000000000004,11.199140045668715,21.531089184128597,90.36202335858587,337.96100000000007,4.71824175824176,6.34054945054945,9.360000000000001,12.78,9.034911481033836,15.363247008080442,54.57082544191919,150.8428819444442,0.0,0.0,0.0,100.0,0.0,0.0,0.0,0.0,107.32586692136762,107.32586692136762,56.583929322675644,100.0,13.730255164034022,0.0,0.0,0.0,0.0,0.0,0.0,189.96838857033217,63.547995139732684,80.17174082747853,2,1,0,1,0.5151395,0.03027904,-0.03027904,0.2215669933696426,-0.2215669933696426,0.24659809470176697
10,SINNER,ALCARAZ,2,RETURN WINNER,2nd Serve,22,44.44444444444444,Right,3.302142857142858,6.823571428571429,9.323999999999998,26.76599999999998,12.068930246197974,27.673983732129106,136.4933796296296,603.8370000000004,7.500714285714286,4.517857142857143,16.901999999999997,10.043999999999997,10.667973966668843,17.81147108790558,63.16386217948718,175.42500000000007,0.0,0.0,0.0,0.0,0.0,0.0,0.0,0.0,0.0,0.0,0.0,0.0,0.0,0.0,0.0,0.0,0.0,0.0,0.0,196.79570386491096,93.681652490887,78.14207650273224,2,1,0,1,0.8500724,0.70014477,-0.70014477,0.3639330614299674,-0.3639330614299674,0.33730742931365965
11,SINNER,SINNER,2,RETURN WINNER,2nd Serve,30,50.0,Right,2.2691666666666666,10.789166666666667,6.03,21.96,16.977605267386682,34.30193497567232,181.49986329966328,680.5531199999996,2.544166666666667,5.193333333333333,6.21,12.555,7.408056691281201,13.136311146445705,38.37757786195287,120.0,0.0,0.0,0.0,0.0,0.0,0.0,0.0,0.0,0.0,0.0,0.0,0.0,0.0,0.0,0.0,0.0,0.0,0.0,0.0,173.91962062110747,78.85783718104496,97.0335675253708,2,1,0,0,0.03301182,-0.93397635,0.93397635,0.012127447964797923,-0.012127447964797923,0.12542679905891418
12,SINNER,ALCARAZ,9,ERROR,2nd Serve,22,50.0,Right,7.937865853658537,7.385731707317073,18.0,19.043999999999997,16.485757756713216,33.44955310745436,174.60787463076576,614.5879999999997,5.9834146341463414,4.8151219512195125,14.76,14.040000000000001,9.751441974647513,19.638989761704163,66.61445197114293,230.94444444444437,120.07404991169513,138.15376324144304,68.4476230542701,100.0,40.46172539489672,22.249283416241255,11.273774127265408,9.68401401952431,129.46302979054556,148.44492970864434,65.64997896508203,100.0,71.38517618469015,22.88136353149361,14.685908268713007,7.683156217940201,0.0,0.0,0.0,156.44120833013986,35.60145808019441,71.58469945355192,2,1,0,1,0.9550179,0.91003585,-0.91003585,0.23936411015360773,-0.23936411015360773,0.23751380613871984
13,SINNER,SINNER,13,WINNER,1st Serve,30,50.0,Right,6.58242090784044,7.968422086854001,15.120000000000001,20.05199999999998,14.699380641569691,26.366669748786325,138.27094190125405,512.928,7.841265474552958,5.915942228335626,16.919999999999998,18.971999999999976,12.032074736428008,21.742688255119724,84.66868333717005,298.00000000000017,120.28229863357679,145.45436894717065,68.4812789230122,100.0,52.85540704738761,19.91236716922272,22.34669534932847,14.797897786282704,107.84499833916273,146.6694564766384,66.59655027345393,83.33333333333334,61.07735925475902,38.96484201312824,16.90650567528388,9.799697901373406,0.0,0.0,0.0,208.6946823038713,34.629404617253954,87.19750195160032,1,1,0,0,0.05822368,-0.8835527,0.8835527,-0.030493908687104998,0.030493908687104998,0.09738049656152725
14,SINNER,SINNER,4,ERROR,1st Serve,22,50.0,Right,4.78990243902439,6.96629268292683,11.447999999999995,18.360000000000003,13.83124104730885,32.36990855988815,149.00071919691968,535.6779999999995,7.909609756097562,6.140926829268294,18.287999999999993,18.359999999999992,12.478406247578473,24.303241193612514,137.6685145077008,518.9374999999999,148.7951451737284,148.7951451737284,55.91081194783341,100.0,83.23207776427704,0.0,0.0,0.0,68.55704472866952,68.55704472866952,76.18847286495583,100.0,21.74969623329283,0.0,0.0,0.0,0.0,0.0,0.0,209.87928210278747,7.168894289185905,84.07494145199064,1,1,0,0,0.009056317,-0.98188734,0.98188734,-0.250270511333584,0.250270511333584,-0.022538152005937364
15,SINNER,SINNER,3,WINNER,2nd Serve,17,40.0,Right,2.712121212121213,6.981212121212122,5.795999999999998,18.756,9.753929837429085,19.4671966096079,101.33680555555554,444.5999999999999,4.034242424242425,3.9193939393939394,9.035999999999998,10.547999999999995,7.322367068078557,11.82167614437279,37.4540111400463,114.93749999999999,0.0,0.0,0.0,0.0,0.0,0.0,0.0,0.0,113.40555079388824,113.40555079388824,51.03071098022718,100.0,35.84447144592953,0.0,0.0,0.0,0.0,0.0,0.0,182.07587543584512,99.27095990279466,100.62451209992193,2,1,0,0,0.103060566,-0.79387885,0.79387885,-0.3720703363597275,0.3720703363597275,-0.09967222213745117
16,ALCARAZ,SINNER,9,ERROR,1st Serve,27,40.0,Right,5.3963705103969755,6.174272211720228,19.65599999999999,19.655999999999988,10.820442164623165,25.16631086377425,84.53788068165164,333.31999999999994,5.923100189035917,9.750793950850662,14.4,25.56,16.003288368193257,34.9770940493394,163.0244850417195,650.8611111111111,82.91026736517591,117.96711937065119,76.94572991165336,75.0,63.91251518833536,35.12992935735052,10.828223321493613,35.57013455786522,107.45212289433009,156.30926482345518,62.83831159725144,66.66666666666666,43.86391251518834,62.97189538258501,31.526713257657462,6.94610251662525,198.28732196531786,84.44714459295261,87.82201405152225,0.0,0.0,0.0,1,1,1,0,0.07180589,-0.8563882,0.8563882,-0.47803632002440855,0.47803632002440855,-0.16846458478407425
17,ALCARAZ,ALCARAZ,6,ERROR,1st Serve,27,40.0,Left,5.792835365853659,6.845396341463415,15.947999999999983,16.919999999999998,11.007621288482508,20.529761935644782,94.6371888888889,334.36000000000007,5.34859756097561,7.665274390243902,12.24,19.1736,14.21966348847736,23.08345413192521,145.33048803418802,526.7000000000003,102.33758288819212,125.71058316768682,89.01977282288598,33.33333333333333,42.04131227217497,33.05441398861154,10.649736123886578,20.44853146080174,114.78913528236191,146.23156376899814,64.61926798485486,100.0,65.12758201701094,44.46630879974711,22.66787409609378,25.603623425709742,212.91267557478074,7.168894289185905,72.6775956284153,0.0,0.0,0.0,1,0,1,1,0.9805752,0.9611504,-0.9611504,-0.16895936805049414,0.16895936805049414,-0.07433000206947327
18,ALCARAZ,SINNER,3,ERROR,2nd Serve,17,40.0,Right,5.737,3.7306666666666666,12.24,10.228499999999999,8.56766580286609,15.16567591835947,42.92768518518518,136.96800000000002,3.6653333333333333,6.479,9.0,17.640000000000004,10.951307648798949,21.22484095181894,111.17752234993615,391.20000000000016,121.16703641391524,121.16703641391524,78.71266302061422,100.0,20.291616038882136,0.0,0.0,0.0,0.0,0.0,0.0,100.0,0.0,0.0,0.0,0.0,166.0003091938639,30.012150668286758,74.7072599531616,0.0,0.0,0.0,2,1,1,0,0.00998885,-0.9800223,0.9800223,-0.34060846561605107,0.34060846561605107,-0.1439986412341778
19,ALCARAZ,ALCARAZ,6,ERROR,2nd Serve,31,40.0,Left,5.291506849315068,5.2026369863013695,14.039999999999997,14.561999999999998,9.781870952012852,18.566186451608253,79.25073144944254,256.6719999999999,3.5507876712328765,5.593458904109589,10.601999999999997,15.790499999999998,11.201017266569455,19.04212671033134,87.35051806997309,328.25000000000006,125.53150828880567,125.61525341203473,63.86201093815734,100.0,42.162818955042525,0.1184334890531494,13.743514215741904,44.33379089820881,93.02941805200933,106.49700474660752,55.53218342448464,50.0,50.18226002430134,19.04604375593619,3.986214079890512,12.71589351343974,167.99567912018554,49.93924665856622,73.92661982825918,0.0,0.0,0.0,2,0,1,1,0.9112817,0.8225634,-0.8225634,-0.09727204141705202,0.09727204141705202,-0.07495849473135811
20,ALCARAZ,SINNER,3,ERROR,2nd Serve,27,40.0,Right,5.997765957446809,5.045106382978724,11.16,11.285999999999998,8.949204449554768,15.258487828375847,40.65242063492063,122.72,4.4518085106382985,8.300106382978724,8.045999999999998,22.805999999999997,13.4742005002519,28.141252679265556,186.62599206349205,901.0000000000002,115.49734055413343,115.49734055413343,62.978544383676905,100.0,38.76063183475091,0.0,0.0,0.0,0.0,0.0,0.0,100.0,0.0,0.0,0.0,0.0,170.70719054635725,21.74969623329283,70.49180327868852,0.0,0.0,0.0,2,1,1,0,0.03738663,-0.92522675,0.92522675,-0.26890166320606257,0.26890166320606257,-0.13164304494857787
21,ALCARAZ,ALCARAZ,2,RETURN WINNER,1st Serve,35,30.0,Left,6.037692307692309,6.304615384615387,13.032,14.796000000000001,11.60285003465845,16.775063516816648,64.10243827160494,166.32777777777773,2.5199999999999996,8.821538461538463,5.796000000000001,18.144000000000005,11.659607279313134,18.220165826733073,125.08482831790123,341.5,0.0,0.0,0.0,100.0,0.0,0.0,0.0,0.0,0.0,0.0,0.0,0.0,0.0,0.0,0.0,0.0,207.7510816378761,95.86877278250304,84.07494145199064,0.0,0.0,0.0,1,0,1,1,0.97987914,0.9597583,-0.9597583,-0.016052605973718822,0.016052605973718822,-0.06343046203255653
22,ALCARAZ,ALCARAZ,5,WINNER,2nd Serve,27,40.0,Right,7.926346153846155,7.331769230769232,18.0,17.297999999999995,13.215702532650072,23.598504224127986,134.87464169909208,490.56799999999987,3.6807692307692306,9.214038461538461,8.525999999999998,24.43679999999999,13.730961039741734,31.039040100070782,157.75049989191524,641.1749999999995,82.97499865407403,108.06927168393749,77.02986958350863,50.0,15.674362089914945,35.48866125672628,0.0,0.0,150.21566619334047,157.75648677496073,69.12074042911232,100.0,68.52976913730255,10.664330737949552,24.27425887455712,23.885259437407072,159.70967013637997,21.506682867557718,65.807962529274,0.0,0.0,0.0,2,1,1,1,0.9958758,0.99175155,-0.99175155,0.1901515298939264,-0.1901515298939264,-0.001360931817223044
23,ALCARAZ,ALCARAZ,6,ERROR,1st Serve,22,40.0,Right,6.635165562913906,5.02182119205298,16.2,15.736499999999998,10.315386131125534,18.87672496329952,79.2316425120773,297.49199999999985,5.379503311258278,9.259231788079468,16.560000000000002,22.36885714285713,56.09903033713055,316.6866281461289,160.18014794001334,561.5249999999985,138.21304448385047,158.19109666692162,83.17206562894404,100.0,38.03159173754557,28.253232347096638,13.565027018134858,52.58193804206162,127.81188442936644,147.4749295680506,67.39587715607908,100.0,30.012150668286758,27.807745112681506,0.4164701277497501,31.961570182429607,197.5321752429517,80.07290400972053,88.44652615144419,0.0,0.0,0.0,1,1,1,1,0.8543338,0.70866764,-0.70866764,0.29575717324281087,-0.29575717324281087,0.03808509972360399
24,SINNER,SINNER,4,ERROR,1st Serve,27,50.0,Right,3.174150943396227,7.529622641509433,9.36,19.475999999999996,10.523671050181415,20.297608831323714,96.5347800925926,334.62,10.82924528301887,7.547735849056602,21.959999999999997,19.15199999999999,16.792496858596547,29.30455162703091,134.94639200498574,424.4236111111113,113.67801852408762,113.67801852408762,77.78712663020613,100.0,79.5868772782503,0.0,0.0,0.0,132.79631320212883,132.79631320212883,54.816996213714766,100.0,44.8359659781288,0.0,0.0,0.0,0.0,0.0,0.0,201.840257780619,78.37181044957472,85.3239656518345,1,1,0,0,0.03520256,-0.9295949,0.9295949,0.04710328350937215,-0.04710328350937215,-0.012845425229323538
25,SINNER,ALCARAZ,11,ERROR,2nd Serve,17,50.0,Left,6.412302936630603,4.916476043276662,15.371999999999977,15.731999999999974,10.23344884898858,21.847535505493017,76.81033794858523,268.24199999999996,3.499938176197836,7.0827820710973715,9.251999999999976,16.81199999999998,11.42971033914685,21.323457560715454,103.78436098171152,398.88749999999993,122.86376156154824,153.5131960936703,82.79343710559529,100.0,33.29283110571082,22.306855576023008,11.87025600454479,27.581392520180174,117.77479916963553,151.5480075608851,83.0710980227177,100.0,46.97448359659781,20.72132459625959,16.52358346402636,21.714981425725544,0.0,0.0,0.0,164.10799877757563,53.34143377885784,86.88524590163934,2,0,0,1,0.9488429,0.89768577,-0.89768577,0.21920396582753748,-0.21920396582753748,0.032681134343147275
26,SINNER,ALCARAZ,7,ERROR,1st Serve,17,60.0,Right,8.797011834319527,5.741360946745563,19.44,16.25399999999999,13.213065715204438,23.60339805414131,131.36669237147595,470.9813333333335,6.656982248520711,8.514408284023672,16.2,23.857199999999985,14.930839201008276,29.24037927843137,156.27325103648425,644.4796875000003,62.71699456266285,82.04708985653514,54.22801851072781,50.0,30.741190765492103,27.336882926558523,0.0,0.0,141.4092434359753,165.91375295738985,54.452390969008555,100.0,66.70716889428918,24.083544007182507,20.43647379898946,11.452609154749142,0.0,0.0,0.0,205.51223224454844,76.67071688942892,79.5472287275566,1,1,0,1,0.7586812,0.51736236,-0.51736236,0.279390769178225,-0.279390769178225,0.009027853608131409
27,SINNER,ALCARAZ,12,WINNER,1st Serve,31,70.0,Left,8.355043227665707,8.67108069164265,18.36,23.88600000000001,14.975311679680184,29.082381495950337,166.37880596558932,626.5999999999999,4.665,7.019870317002882,12.366000000000009,21.240000000000002,11.79403291701419,24.9130674816677,101.62570348930696,409.9999999999999,118.21110394145083,138.93025182588383,76.4619267984855,80.0,50.06075334143379,35.72082887904917,20.836803687765318,23.599838602779627,87.94409477479495,120.8297620422594,62.263357172907035,66.66666666666666,65.77561765897124,33.40142583162617,25.469663777877088,31.293259274579835,0.0,0.0,0.0,197.44715770937302,77.39975698663426,86.88524590163934,1,0,0,1,0.9561391,0.9122782,-0.9122782,0.4069091701362452,-0.4069091701362452,0.09968529641628265
28,SINNER,SINNER,2,RETURN WINNER,1st Serve,35,70.0,Right,2.8007692307692307,6.92,6.192,25.956,10.091620953225819,29.632551030584978,153.80053240740742,783.9650000000004,9.589230769230769,8.238461538461538,16.2,25.956000000000007,16.25358243979457,26.454165217854772,115.33984375,326.40625000000006,0.0,0.0,0.0,0.0,0.0,0.0,0.0,0.0,0.0,0.0,0.0,0.0,0.0,0.0,0.0,0.0,0.0,0.0,0.0,204.33649473104805,91.00850546780073,69.08665105386417,1,1,0,0,0.020347875,-0.9593043,0.9593043,0.13204396368548166,-0.13204396368548166,0.008392280340194702
29,SINNER,SINNER,2,RETURN WINNER,2nd Serve,35,70.0,Left,1.8358333333333334,6.19,3.4425,18.810000000000002,9.54861571932173,23.338011538557556,155.68069023569024,748.7479999999995,6.359166666666667,6.3566666666666665,18.54,12.239999999999998,14.849042344498141,27.051137108263045,153.19339225589223,476.4999999999999,0.0,0.0,0.0,0.0,0.0,0.0,0.0,0.0,0.0,0.0,0.0,100.0,0.0,0.0,0.0,0.0,0.0,0.0,0.0,183.10266462481462,4.495747266099635,88.2903981264637,2,0,0,0,0.014791231,-0.97041756,0.97041756,-0.08949452682323476,0.08949452682323476,-0.0416425496339798
30,SINNER,SINNER,3,WINNER,2nd Serve,27,60.0,Right,4.779807692307693,5.9417307692307695,10.026,15.731999999999996,10.293963810142783,21.88431016951993,92.43429042904287,396.5000000000002,4.939903846153846,6.868846153846154,12.491999999999996,17.28,11.815432752486313,22.077917404959262,97.7808546479648,426.75000000000017,133.27527154249387,133.27527154249387,76.2726125368111,100.0,90.76549210206562,0.0,0.0,0.0,108.02971057565905,108.02971057565905,49.93689524610854,100.0,51.1543134872418,0.0,0.0,0.0,0.0,0.0,0.0,150.52097010235775,44.59295261239368,74.23887587822014,2,1,0,0,0.0096379295,-0.98072416,0.98072416,-0.26841640036609715,0.26841640036609715,-0.12568599581718445
31,SINNER,SINNER,3,WINNER,1st Serve,22,60.0,Right,3.869150943396226,10.170566037735849,9.0,21.51,12.796630967884765,23.496765174228464,127.4503451995685,368.342,3.7903773584905665,7.296962264150944,10.755,19.199999999999996,52.614936095166506,184.00501453592852,123.88676596398179,368.34999999999985,131.88805034505108,131.88805034505108,62.81026503996634,100.0,57.71567436208992,0.0,0.0,0.0,79.8519722256802,79.8519722256802,0.0,100.0,0.0,0.0,0.0,0.0,0.0,0.0,0.0,198.16628464447828,90.76549210206562,71.42857142857143,1,1,0,0,0.001513679,-0.9969726,0.9969726,-0.4145693646205714,0.4145693646205714,-0.12883580923080445
32,ALCARAZ,SINNER,7,ERROR,1st Serve,32,50.0,Right,4.426370967741936,6.75741935483871,10.08,20.566285714285716,12.788725257547508,30.401383445623264,123.55059569898421,539.5519999999999,6.231048387096774,4.8909677419354844,16.559999999999995,13.481999999999996,10.000914291279248,20.88450989796004,77.08575636103583,266.4,121.00896168285708,132.01012901776372,81.40513251998317,100.0,55.20453624949372,15.575950632106037,1.8510727808161533,30.651811852655538,95.30752320566214,99.19927999978192,73.74842238115271,100.0,42.40583232077764,5.503775239701828,0.47596586028543153,21.307713454953067,227.27637628252256,20.048602673147023,75.17564402810304,0.0,0.0,0.0,1,1,1,0,0.008160296,-0.9836794,0.9836794,-0.5286672462055743,0.5286672462055743,-0.2235215723514557
33,ALCARAZ,SINNER,3,ERROR,1st Serve,32,40.0,Left,8.29148936170213,6.201702127659576,23.76,14.760000000000002,13.56168612569499,25.876788003657627,139.46930555555556,436.28000000000003,3.9749999999999996,6.437553191489362,11.645999999999997,16.811999999999998,10.033807154016435,16.843304014552636,61.04265873015873,169.25,103.48144419525762,103.48144419525762,0.0,100.0,0.0,0.0,0.0,0.0,0.0,0.0,0.0,0.0,0.0,0.0,0.0,0.0,203.57606723812043,1.336573511543135,71.89695550351288,0.0,0.0,0.0,1,0,1,0,0.89196783,0.78393567,-0.78393567,-0.2656378909814463,0.2656378909814463,-0.14014715552330018
34,ALCARAZ,ALCARAZ,4,ERROR,1st Serve,36,30.0,Right,5.037677419354839,7.115419354838709,12.347999999999994,16.56,11.83854121370038,19.00857580436142,123.4268274853801,444.84699999999987,6.101612903225806,5.3278064516129024,13.130999999999997,16.307999999999993,10.226390023257819,18.545848048002732,81.23257035818713,213.0374999999998,108.16538546771619,108.16538546771619,71.39251156920487,100.0,20.77764277035237,0.0,0.0,0.0,115.39002916639754,115.39002916639754,73.32772402187632,100.0,68.65127582017011,0.0,0.0,0.0,183.6941530176397,37.30255164034022,69.7111631537861,0.0,0.0,0.0,1,1,1,1,0.9818994,0.96379876,-0.96379876,-0.019369478601477048,0.019369478601477048,-0.042862850427627566
35,ALCARAZ,ALCARAZ,4,ERROR,2nd Serve,36,40.0,Left,3.321428571428572,8.201828571428571,8.280000000000001,20.267999999999994,13.20921582413754,24.20651541223004,163.498860626615,729.4299999999997,6.935142857142858,5.081485714285714,12.96,12.707999999999995,10.490862074267579,19.06074714647924,71.45204497739019,238.98749999999998,87.33772578268457,87.33772578268457,79.2175010517459,100.0,48.724179829890645,0.0,0.0,0.0,115.54210019085409,115.54210019085409,71.64493058477072,100.0,48.23815309842041,0.0,0.0,0.0,165.88506748568983,74.96962332928311,93.75487900078065,0.0,0.0,0.0,2,0,1,1,0.9719623,0.94392455,-0.94392455,0.1735281220304747,-0.1735281220304747,0.04402731955051422
36,ALCARAZ,ALCARAZ,11,WINNER,1st Serve,32,40.0,Right,5.860338461538462,7.981753846153847,14.040000000000001,21.698999999999995,13.491415095311302,27.08077759505656,144.8448842950369,552.422,5.702307692307692,4.087384615384615,16.56,12.077999999999983,8.55032619819723,19.32323444252306,56.68850893010476,232.17499999999998,123.87528083376654,136.39581720282663,63.634833824148075,100.0,64.42284325637911,12.693578283169341,14.56046684965751,17.744635616933966,114.41221287888982,150.27178720615078,77.93857803954565,80.0,62.33292831105712,27.336606901303355,10.698054046534272,21.266793729863792,196.51982781487337,69.13730255164035,69.24277907884465,0.0,0.0,0.0,1,1,1,1,0.95653826,0.9130765,-0.9130765,0.3215844294824557,-0.3215844294824557,0.13250055611133577
37,ALCARAZ,ALCARAZ,2,RETURN WINNER,1st Serve,27,40.0,Left,3.170833333333333,11.184999999999997,10.530000000000001,24.435,21.70834248763144,36.33780393627404,404.8555639730639,1538.3159999999996,5.869166666666667,6.515833333333333,13.680000000000001,13.950000000000001,11.620817798137145,24.8548917136435,96.64967382154882,327.89999999999986,0.0,0.0,0.0,0.0,0.0,0.0,0.0,0.0,0.0,0.0,0.0,0.0,0.0,0.0,0.0,0.0,0.0,0.0,0.0,212.31490459857815,13.001215066828674,98.75097580015613,1,0,1,1,0.92315054,0.8463011,-0.8463011,0.42661096994340136,-0.42661096994340136,0.1267580896615982
38,SINNER,SINNER,2,RETURN WINNER,1st Serve,32,40.0,Right,4.944545454545455,8.076363636363638,18.936,16.919999999999998,13.782820272221858,25.89225315429763,215.6647037037037,709.5009999999996,14.36909090909091,2.8190909090909093,19.584000000000003,7.343999999999999,15.479917264170227,20.00109599305904,98.31221064814817,219.1500000000001,0.0,0.0,0.0,0.0,0.0,0.0,0.0,0.0,0.0,0.0,0.0,100.0,0.0,0.0,0.0,0.0,0.0,0.0,0.0,152.06539821632103,73.2685297691373,86.72911787665886,1,1,0,0,0.061975934,-0.87604815,0.87604815,0.16591391002680564,-0.16591391002680564,0.13195679783821107
39,SINNER,ALCARAZ,3,ERROR,1st Serve,22,40.0,Left,4.119782608695652,6.606086956521739,11.988000000000005,21.294000000000004,11.35793967652151,25.361088750020254,130.10642078189298,474.1619999999999,7.456739130434783,3.9450000000000007,15.33600000000001,10.494000000000003,9.87668615110248,19.11917506119871,57.6176054526749,178.24999999999997,0.0,0.0,0.0,100.0,0.0,0.0,0.0,0.0,88.84014276000859,88.84014276000859,67.26966764829618,100.0,6.1968408262454435,0.0,0.0,0.0,0.0,0.0,0.0,111.8495039428118,59.65978128797084,98.48548590660496,1,0,0,1,0.97842944,0.9568589,-0.9568589,0.32418315473612774,-0.32418315473612774,0.13867157101631164
40,SINNER,SINNER,2,RETURN WINNER,2nd Serve,22,50.0,Right,4.4122388059701505,10.174925373134329,10.692,23.903999999999986,17.338774642557773,38.587777554694846,194.51534939236112,805.2069999999993,7.338358208955223,1.9755223880597013,10.080000000000002,5.291999999999999,8.238847893143838,10.963730261777087,13.513319227430555,68.42499999999994,0.0,0.0,0.0,0.0,0.0,0.0,0.0,0.0,0.0,0.0,0.0,0.0,0.0,0.0,0.0,0.0,0.0,0.0,0.0,152.37900943871847,30.498177399756987,76.26854020296643,2,1,0,0,0.052845445,-0.8943091,0.8943091,0.08038580713783239,-0.08038580713783239,0.14021745324134827
41,SINNER,ALCARAZ,3,ERROR,2nd Serve,22,50.0,Left,6.728653846153846,8.184519230769231,22.68,20.160000000000004,15.740853946322378,40.40470596332919,200.48125550055008,604.76,3.5339423076923078,4.062692307692308,10.8,9.666,7.6039319336244935,14.612292811476907,49.892893976897696,193.74999999999997,0.0,0.0,0.0,0.0,0.0,0.0,0.0,0.0,119.19508513099497,119.19508513099497,42.1960454354228,100.0,78.1287970838396,0.0,0.0,0.0,0.0,0.0,0.0,168.95770961333218,55.52855407047388,71.89695550351288,2,0,0,1,0.9869141,0.9738282,-0.9738282,0.2591322915659788,-0.2591322915659788,0.14092094898223878
42,SINNER,ALCARAZ,9,ERROR,2nd Serve,32,60.0,Right,8.273290909090909,9.339109090909092,20.520000000000003,23.12999999999997,17.7682512456626,34.83015295912283,210.00808884826324,787.7653333333328,4.529345454545455,6.253309090909092,13.877999999999984,19.080000000000002,10.104558808733023,21.430104794471816,73.03246559516555,246.74999999999952,97.50296528015848,114.41161457440809,73.66428270929744,66.66666666666666,38.03159173754557,17.870620781944822,16.539813644918823,4.467746369586936,124.93369820844453,158.78294716126305,71.56079091291545,75.0,63.001215066828664,55.00994839005632,23.540570064856414,26.670555433590923,0.0,0.0,0.0,164.4076873200797,98.5419198055893,78.4543325526932,2,1,0,1,0.9888516,0.9777032,-0.9777032,0.4028837960153734,-0.4028837960153734,0.1402185320854187
43,SINNER,SINNER,9,WINNER,1st Serve,40,70.0,Left,6.357384044526902,6.817680890538034,14.76,17.28,13.614465499197676,25.72948185428149,137.60329887023215,469.16999999999996,8.163562152133581,4.042987012987013,17.639999999999997,14.795999999999989,10.825147919000653,20.77508486791811,77.44414969423714,277.25000000000006,127.4117506181041,159.48996361599376,66.51241060159865,100.0,78.31105710814094,23.183854927761946,17.71588048014006,15.009723370735905,109.5610861260238,139.49203740699795,75.07362221287337,100.0,66.28189550425273,22.502788643071163,14.27903778314991,4.950061567084297,0.0,0.0,0.0,198.18451175945,10.814094775212636,93.59875097580016,1,0,0,0,0.044577863,-0.91084427,0.91084427,0.14008360206451134,-0.14008360206451134,0.05924293696880341
44,SINNER,ALCARAZ,12,WINNER,2nd Serve,32,70.0,Right,6.3972500000000005,7.843708333333334,15.839999999999998,21.608999999999995,15.14956499591703,29.56233596878884,169.65139025259566,670.6439999999989,7.074187500000002,4.998833333333334,14.417999999999983,17.28,10.625614015596073,20.7320865325731,73.15859447640632,262.3499999999997,115.14766871231589,153.79433688272516,59.68026924694993,80.0,50.473876063183475,35.693168899234976,21.263911311732688,29.945617191605017,129.6591368387193,155.3584112733204,68.58785584069555,100.0,70.35236938031592,15.06723647194192,14.083851789156837,14.184155368593041,0.0,0.0,0.0,156.79829642887802,21.506682867557718,70.96018735362998,2,1,0,1,0.90895504,0.8179101,-0.8179101,0.2756714250804257,-0.2756714250804257,0.14661818444728852
45,SINNER,ALCARAZ,3,ERROR,1st Serve,40,70.0,Right,3.1385714285714283,5.684857142857142,10.008,12.528,9.101483723639967,14.030727462040186,64.03287717864923,185.32799999999983,4.828285714285714,4.8511428571428565,11.808,12.168,8.336030032675644,14.936417102409857,44.89304193899782,139.11249999999987,0.0,0.0,0.0,0.0,0.0,0.0,0.0,0.0,107.28820420687411,107.28820420687411,51.03071098022718,100.0,9.113001215066829,0.0,0.0,0.0,0.0,0.0,0.0,225.47832814091265,67.19319562575942,81.4207650273224,1,1,0,1,0.9041132,0.80822635,-0.80822635,0.38219656907862715,-0.38219656907862715,0.1421452134847641
46,ALCARAZ,SINNER,13,ERROR,1st Serve,37,70.0,Right,7.481239193083574,4.4616138328530255,16.68600000000001,13.242000000000004,11.086836541440746,19.011989382652448,81.82608457951439,255.1899999999999,5.899971181556197,6.424452449567723,14.040000000000001,17.64,13.269487352821896,26.158905466841276,127.89660465910917,529.125,127.92821964840259,146.0290270050846,75.02454073762446,100.0,48.15714864317537,16.881073447748204,8.371016444043917,15.101020793355877,127.14704270994405,152.4892490675374,74.00084139671856,100.0,54.119076549210206,16.205865350866326,12.318203134259887,23.476525016018254,169.81292766238178,13.001215066828674,75.80015612802498,0.0,0.0,0.0,1,1,1,0,0.12688084,-0.74623835,0.74623835,0.15648558338036506,-0.15648558338036506,0.0789651781320572
47,ALCARAZ,SINNER,5,ERROR,1st Serve,37,60.0,Left,5.066386861313869,3.6379927007299275,14.291999999999977,12.6,45.991753370425165,29.46552078898982,61.343522591734185,266.50000000000006,3.405109489051095,8.798211678832116,9.251999999999976,24.598799999999994,15.6007988832551,53.89869516117788,145.94701233412866,636.7578125,138.1448386082698,149.94045537563136,81.3209928481279,100.0,8.262454434993925,16.681521208958202,23.322327153986258,4.639582768417202,93.11163298243893,93.11163298243893,51.03071098022718,100.0,50.66828675577156,0.0,0.0,0.0,183.18915127960014,72.05346294046173,70.80405932864949,0.0,0.0,0.0,1,0,1,0,0.008477677,-0.9830446,0.9830446,-0.07143984791274106,0.07143984791274106,-0.01580096185207367
48,ALCARAZ,ALCARAZ,7,WINNER,2nd Serve,41,50.0,Right,9.11419117647059,4.571544117647059,22.819499999999987,14.633999999999991,12.217332516898514,27.976746486117257,107.33454012345678,415.9999999999999,5.525882352941176,7.627352941176471,12.959999999999999,16.919999999999998,12.975412540488293,21.745228067077832,94.13810442386831,339.0999999999998,90.57041946346556,117.86757031972866,60.37021455616323,100.0,27.946537059538272,41.488621056683016,7.6154537645669445,2.577545982454003,161.47777734086844,217.9770679821828,60.734819800869445,100.0,72.29647630619684,50.770295183373996,12.349437733768994,7.354919052452753,208.01810489661665,29.040097205346292,86.41686182669788,0.0,0.0,0.0,2,1,1,1,0.9951912,0.99038243,-0.99038243,0.14093906201696255,-0.14093906201696255,0.08168337345123292
49,ALCARAZ,ALCARAZ,3,WINNER,1st Serve,41,60.0,Left,7.662857142857143,5.445612244897961,18.845999999999975,13.481999999999992,11.455732198236863,20.760521518277102,100.07848538011697,365.5079999999999,4.2312244897959195,14.402755102040816,12.653999999999996,26.639999999999997,17.067499265152023,27.02980901973317,175.64020467836258,475.8499999999998,77.63667900247493,77.63667900247493,0.0,0.0,0.0,0.0,0.0,0.0,46.62485440859377,46.62485440859377,29.995793016407234,0.0,55.04252733900364,0.0,0.0,0.0,223.0540837261908,88.09234507897933,84.5433255269321,0.0,0.0,0.0,1,0,1,1,0.9864516,0.97290325,-0.97290325,0.30734095972421777,-0.30734095972421777,0.17884941399097443
50,ALCARAZ,SINNER,3,ERROR,1st Serve,37,60.0,Right,7.736493506493505,6.465974025974026,15.264000000000003,24.48,12.547987949795509,25.771439057465532,106.59934121621622,464.86781249999996,7.414675324675326,13.654675324675322,20.232000000000003,22.521600000000003,20.629575959989648,31.210053833839805,330.49966216216217,1082.3374999999992,137.40041102656213,137.40041102656213,62.22128733697938,100.0,54.07047387606318,0.0,0.0,0.0,0.0,0.0,0.0,0.0,0.0,0.0,0.0,0.0,200.45281984460058,94.16767922235722,85.79234972677595,0.0,0.0,0.0,1,1,1,0,0.043589696,-0.9128206,0.9128206,0.06329802268602683,-0.06329802268602683,0.18224459290504455
52,SINNER,SINNER,1,Ace,1st Serve,37,50.0,Right,1.8,19.8,1.8,19.8,19.88164983093707,19.88164983093707,0.0,0.0,1.8,7.2,1.8,7.2,7.42159012611179,7.42159012611179,0.0,0.0,0.0,0.0,0.0,0.0,0.0,0.0,0.0,0.0,0.0,0.0,0.0,0.0,0.0,0.0,0.0,0.0,0.0,0.0,0.0,217.36839362151989,0.12150668286755771,91.56908665105387,1,1,0,0,0.0055258516,-0.9889483,0.9889483,-0.14715857230914656,0.14715857230914656,0.18264580965042115
53,SINNER,SINNER,8,ERROR,1st Serve,27,40.0,Left,4.957517006802722,8.289421768707484,13.680000000000001,23.880000000000003,12.950394445690103,28.99913252832648,126.03785261288687,559.2293055555551,5.377414965986394,6.033061224489796,14.759999999999996,15.48,10.784881337240082,22.33748932048598,88.71911466260781,352.72499999999957,114.82804316930817,143.96130402579567,79.6662459683074,100.0,53.26042932361279,25.42611503374622,6.556598888369293,27.105886998575457,93.84375242960829,125.30535728358419,57.593605384938996,75.0,68.89428918590522,37.06537442333228,32.82266922414776,11.107066713998965,0.0,0.0,0.0,202.0088449558475,54.3134872417983,71.58469945355192,1,0,0,0,0.047201127,-0.90559775,0.90559775,-0.2988506356793291,0.2988506356793291,0.18654989302158356
54,SINNER,SINNER,6,WINNER,1st Serve,27,40.0,Right,8.903529411764707,6.413529411764706,19.080000000000002,15.079499999999998,13.466761601539659,23.505224104422485,104.02010364842454,357.24000000000007,7.844334975369459,8.466059113300494,16.560000000000002,20.483999999999995,16.10521723776489,29.305429154167644,153.31668402777777,570.7416666666651,62.14626413494037,141.2279038145608,45.26714345814051,66.66666666666666,78.25030376670716,70.38773616132102,34.56702060322963,3.264891577775075,110.59561619341915,127.35938944545131,0.0,50.0,0.0,23.707555489571213,0.0,0.0,0.0,0.0,0.0,218.85909518238446,9.842041312272174,82.98204527712724,1,1,0,0,0.025289388,-0.9494212,0.9494212,-0.428967655645632,0.428967655645632,0.09988204836845398
55,SINNER,SINNER,2,RETURN WINNER,2nd Serve,27,30.0,Left,1.6980000000000002,8.323714285714285,3.8699999999999974,24.695999999999998,10.98256113381763,25.76679855391929,252.66933159722223,1043.64,3.0222857142857142,7.474285714285715,8.388,17.028,10.985711929728032,17.538210437124288,103.7619900173611,329.7833333333332,0.0,0.0,0.0,0.0,0.0,0.0,0.0,0.0,0.0,0.0,0.0,0.0,0.0,0.0,0.0,0.0,0.0,0.0,0.0,199.00188236279305,44.106925880923455,75.80015612802498,2,0,0,0,0.07080236,-0.8583953,0.8583953,-0.5148547124835673,0.5148547124835673,0.008772346377372741
56,ALCARAZ,ALCARAZ,2,RETURN WINNER,2nd Serve,42,20.0,Right,3.3240000000000003,7.08525,8.297999999999998,17.658,13.822264756044898,23.458395263715754,180.57712462462462,630.7599999999998,3.935250000000001,7.44525,7.217999999999999,19.53,10.03040304083814,21.037474458495808,148.4257225975976,586.9999999999997,0.0,0.0,0.0,0.0,0.0,0.0,0.0,0.0,0.0,0.0,0.0,0.0,0.0,0.0,0.0,0.0,162.83700101091662,58.93074119076549,67.36924277907885,0.0,0.0,0.0,2,1,1,1,0.95437,0.90874004,-0.90874004,-0.23013169755616536,0.23013169755616536,0.007013121247291565
57,ALCARAZ,SINNER,1,Ace,2nd Serve,32,30.0,Left,1.8,5.4,1.8,5.4,5.692099788303083,5.692099788303083,0.0,0.0,1.8,7.2,1.8,7.2,7.42159012611179,7.42159012611179,0.0,0.0,0.0,0.0,0.0,0.0,0.0,0.0,0.0,0.0,0.0,0.0,0.0,0.0,0.0,0.0,0.0,0.0,77.42943802114827,3.766707168894289,9.133489461358314,0.0,0.0,0.0,2,0,1,0,0.027958896,-0.9440822,0.9440822,-0.37292342854371924,0.37292342854371924,-0.08584481477737427
58,ALCARAZ,SINNER,3,ERROR,2nd Serve,32,30.0,Right,6.072180000000002,9.138119999999994,10.764,18.242526315789473,93.68359868496776,437.8977907150059,120.20025004283634,720.4679224376731,5.4972,8.195400000000001,9.0,20.178,11.74173267976749,21.727542428624762,131.69462342497135,653.5499999999995,106.68258485264883,106.68258485264883,83.17206562894405,100.0,16.160388821385176,0.0,0.0,0.0,0.0,0.0,0.0,0.0,0.0,0.0,0.0,0.0,160.85037138650839,25.880923450789794,87.19750195160032,0.0,0.0,0.0,2,1,1,0,0.029238865,-0.94152224,0.94152224,-0.48664422973232907,0.48664422973232907,-0.17523598074913024
59,ALCARAZ,ALCARAZ,4,ERROR,1st Serve,46,20.0,Left,8.42194285714286,8.028342857142857,17.640000000000004,19.295999999999992,16.242318057746193,24.93915533117975,148.08852793927647,483.4439999999998,4.351028571428571,8.208514285714285,10.547999999999995,23.147999999999993,11.456008190892192,23.674433678854427,104.92450944767442,403.5749999999994,114.48779289470217,114.48779289470217,87.63146823727388,100.0,23.693803159173754,0.0,0.0,0.0,131.35483320040967,131.35483320040967,63.567522086663864,100.0,71.8104495747266,0.0,0.0,0.0,191.2722316981937,72.05346294046173,74.23887587822014,0.0,0.0,0.0,1,0,1,1,0.9836076,0.9672152,-0.9672152,-0.19587022287302092,0.19587022287302092,-0.0830728143453598
60,ALCARAZ,SINNER,13,ERROR,1st Serve,42,20.0,Right,6.755757180156659,8.047637075718015,16.919999999999998,21.906,15.979225249308826,34.893618455329374,184.63486038611163,720.1480000000004,7.378942558746737,5.298955613577023,16.92,14.760000000000002,11.139977654218733,21.079332478520342,84.86642638706859,325.97499999999997,113.884957876858,126.28333179395301,59.374561772542414,100.0,50.060753341433774,13.514996123359042,14.316450261633785,32.8097744031599,129.49110257902174,161.13312964664541,56.19688683214135,100.0,47.50911300121507,20.643931809744096,17.568738239418092,10.95448619157681,192.8916105758137,36.81652490886999,69.7111631537861,0.0,0.0,0.0,1,1,1,0,0.04412667,-0.9117467,0.9117467,-0.33904635145431045,0.33904635145431045,-0.17650309205055237
61,ALCARAZ,ALCARAZ,2,RETURN WINNER,1st Serve,50,20.0,Left,5.624594594594598,10.269729729729733,12.141000000000007,17.663999999999998,91.87556142690872,212.59241935462217,144.67375921201813,427.90718749999985,1.6597297297297298,7.536486486486487,3.311999999999999,21.384,10.075299319506161,21.606611861275834,182.9201899509804,762.0499999999994,0.0,0.0,0.0,100.0,0.0,0.0,0.0,0.0,0.0,0.0,0.0,0.0,0.0,0.0,0.0,0.0,218.8193595881162,7.411907654921021,86.57298985167837,0.0,0.0,0.0,1,0,1,1,0.91371775,0.8274355,-0.8274355,-0.10574889138281711,0.10574889138281711,-0.09041586220264435
62,ALCARAZ,ALCARAZ,3,WINNER,1st Serve,42,30.0,Right,8.694152542372882,7.458305084745762,20.214,25.614,17.091180736139833,30.72554555361418,231.90012318840584,944.5193333333334,2.8901694915254237,6.229322033898304,6.8939999999999975,18.161999999999992,8.552523763228802,19.300844006960098,100.04966787439615,355.87499999999983,103.8098548149192,103.8098548149192,62.64198569625579,100.0,1.8226002430133657,0.0,0.0,0.0,160.28352122528443,160.28352122528443,70.8876735380732,100.0,87.12029161603888,0.0,0.0,0.0,182.063206821463,85.66221142162819,73.92661982825918,0.0,0.0,0.0,1,1,1,1,0.9969919,0.99398375,-0.99398375,0.11419845892947277,-0.11419845892947277,-0.08940808475017548
64,SINNER,SINNER,4,ERROR,1st Serve,42,50.0,Right,5.639485714285714,8.38097142857143,13.06799999999999,21.17999999999999,15.747651117268301,35.561092368372435,171.56639777131784,642.8889999999996,12.750171428571427,4.474114285714286,23.147999999999993,12.455999999999987,15.120523626436132,24.0319334522083,83.79793483527133,243.62499999999994,143.29252103050652,143.29252103050652,93.18468657972234,100.0,62.33292831105711,0.0,0.0,0.0,91.47207496726686,91.47207496726686,64.07236011779554,50.0,94.16767922235722,0.0,0.0,0.0,0.0,0.0,0.0,184.44062315642452,95.62575941676792,68.30601092896174,1,1,0,0,0.013409961,-0.97318006,0.97318006,-0.1032778949205917,0.1032778949205917,-0.18695224821567535
65,SINNER,SINNER,2,RETURN WINNER,2nd Serve,32,50.0,Left,2.7915,9.29925,7.2,21.383999999999997,14.11474574758368,40.12175699484949,105.89563813813812,235.5831111111107,4.194,4.82775,9.0225,13.44599999999999,9.448075829649124,21.85108975577345,104.64179804804805,447.2499999999989,0.0,0.0,0.0,0.0,0.0,0.0,0.0,0.0,0.0,0.0,0.0,100.0,0.0,0.0,0.0,0.0,0.0,0.0,0.0,178.43240204842283,48.48116646415553,69.08665105386417,2,0,0,0,0.014306161,-0.9713877,0.9713877,-0.2769002685485121,0.2769002685485121,-0.1899794191122055
66,SINNER,ALCARAZ,3,ERROR,2nd Serve,32,50.0,Right,4.869103448275862,9.64551724137931,15.551999999999977,21.81599999999999,17.031976434571863,37.62533158020452,241.70255086071987,1164.3319999999976,4.704206896551724,2.0813793103448277,13.320000000000002,6.480000000000001,6.084683910524823,14.494827821093962,28.721451975743346,105.63749999999997,0.0,0.0,0.0,0.0,0.0,0.0,0.0,0.0,108.09360056177776,108.09360056177776,90.40807740849812,100.0,13.24422843256379,0.0,0.0,0.0,0.0,0.0,0.0,158.35708845915215,31.470230862697445,72.8337236533958,2,1,0,1,0.9492405,0.898481,-0.898481,-0.041823562243167293,0.041823562243167293,-0.18595087230205537
67,SINNER,SINNER,7,WINNER,1st Serve,32,50.0,Left,5.557676470588236,8.432911764705883,12.959999999999999,19.818000000000005,13.166752152916732,24.00018259576682,146.4368723211342,525.8239999999996,8.229970588235295,4.438852941176471,19.098000000000006,11.88,11.530163765598859,20.976989630753337,83.40672395318165,285.29999999999995,96.28830711152916,125.23914062340737,52.62936474547749,66.66666666666666,58.84973673552045,43.062475571021785,13.34588878697332,15.64812357038783,105.51274288905525,118.86227707854387,48.71687000420698,66.66666666666666,25.759416767922236,18.689004293782283,8.388898287530768,6.701619554380401,0.0,0.0,0.0,207.2425280554652,82.7460510328068,83.4504293520687,1,0,0,0,0.010806596,-0.9783868,0.9783868,-0.2291365007233048,0.2291365007233048,-0.2752815306186676
70,ALCARAZ,SINNER,3,ERROR,1st Serve,42,50.0,Left,4.285233644859793,5.38177570093458,16.745999999999995,13.427999999999964,261.85349288214235,1789.8677665887267,102.30720096371881,475.7804999999999,3.5055140186915885,9.482923898531373,17.063999999999993,22.655999999999995,87.59048289227742,733.6743421101215,114.8716374771062,304.31249999999994,103.29783599975943,103.29783599975943,0.0,100.0,0.0,0.0,0.0,0.0,0.0,0.0,0.0,0.0,0.0,0.0,0.0,0.0,193.98651574301428,89.55042527339003,77.04918032786885,0.0,0.0,0.0,1,0,1,0,0.084358074,-0.83128387,0.83128387,-0.3495661216967618,0.3495661216967618,-0.2795338064432144
71,ALCARAZ,ALCARAZ,6,ERROR,2nd Serve,42,50.0,Right,5.304459930313589,3.986550522648084,14.4,11.051999999999996,8.212096023873386,15.551319982161207,49.59698356807512,151.242,7.70540069686411,9.15355400696864,18.0,20.448,16.46859048666184,30.371918589993243,174.37345950704224,666.0624999999998,134.16375292529443,142.30179596389542,68.23727387463188,100.0,64.39854191980558,11.508930836365463,20.288044794666614,6.357946756719872,100.60886205753903,103.85751346331911,68.44762305427008,100.0,19.19805589307412,4.5942868774766,1.9038634411417361,1.8902003871329334,151.20785183498063,44.8359659781288,58.0015612802498,0.0,0.0,0.0,2,1,1,1,0.04048337,-0.9190333,0.9190333,-0.4634596668550111,0.4634596668550111,-0.2763332396745682
72,ALCARAZ,SINNER,3,ERROR,1st Serve,42,50.0,Left,5.7925,5.703055555555556,14.4,19.32749999999999,10.27561719956806,19.68155077453667,93.87473677248677,323.43999999999954,1.8619444444444448,8.299166666666666,3.960000000000001,22.2885,10.849385459158972,23.117309141840618,125.59371693121693,508.29999999999984,108.3789846325936,108.3789846325936,80.9002944888515,100.0,1.8226002430133657,0.0,0.0,0.0,0.0,0.0,0.0,0.0,0.0,0.0,0.0,0.0,212.76123928148388,86.39125151883353,99.84387197501951,0.0,0.0,0.0,1,0,1,0,0.068774246,-0.8624515,0.8624515,-0.5432580948448815,0.5432580948448815,-0.3689749360084534
73,ALCARAZ,SINNER,3,ERROR,1st Serve,52,40.0,Right,5.35978021978022,6.404505494505494,11.16,17.099999999999998,10.477634767942831,18.445614055036685,67.86945864898989,247.4809999999997,2.3425054945054944,8.563846153846155,5.58,21.96,14.108523921558085,37.763497175837074,176.53738557449495,687.6874999999976,144.7137723630207,144.7137723630207,63.06268405553218,100.0,29.283110571081412,0.0,0.0,0.0,0.0,0.0,0.0,0.0,0.0,0.0,0.0,0.0,186.04667100500558,88.09234507897933,86.10460577673692,0.0,0.0,0.0,1,1,1,0,0.024294281,-0.9514114,0.9514114,-0.6248888123298075,0.6248888123298075,-0.4651906698942184
76,SINNER,SINNER,2,RETURN WINNER,2nd Serve,27,30.0,Left,2.5276923076923072,6.615384615384617,4.716000000000001,20.232000000000003,10.003476239368501,23.023170799953366,171.96657793209883,761.8650000000001,3.6130769230769237,9.528461538461539,10.197000000000001,23.148,15.098403445656983,42.32127499192742,287.0589313271605,1284.8124999999995,0.0,0.0,0.0,0.0,0.0,0.0,0.0,0.0,0.0,0.0,0.0,0.0,0.0,0.0,0.0,0.0,0.0,0.0,0.0,176.96197820683076,57.22964763061968,93.1303669008587,2,0,0,0,0.050017007,-0.899966,0.899966,-0.679904277792984,0.679904277792984,-0.4645479410886765
77,SINNER,ALCARAZ,9,ERROR,2nd Serve,27,20.0,Right,4.6849813432835825,4.901194029850746,10.440000000000001,13.320000000000004,8.838932178828667,16.72040467703218,66.60035907859078,221.36399999999995,6.868824626865672,5.8721641791044785,16.560000000000002,16.199999999999996,13.057533662769535,25.199785089643914,110.576157624557,427.74999999999994,143.4461700140554,161.0950968783518,56.752208666386196,100.0,51.1543134872418,15.284658836023914,11.354492064492216,18.577414195495887,116.0045808340469,138.8621957945067,62.05300799326883,100.0,32.50303766707169,20.735201941552248,9.957199350850177,16.19446004396672,0.0,0.0,0.0,153.51400929032937,31.95625759416768,75.80015612802498,2,1,0,1,0.9207736,0.84154725,-0.84154725,-0.3756138498408849,0.3756138498408849,-0.37302316427230836
78,SINNER,ALCARAZ,9,ERROR,2nd Serve,27,30.0,Left,5.563824626865672,4.692929104477612,14.760000000000002,12.599999999999998,9.772692623512647,18.625298589470724,78.54231707317072,291.2,5.911119402985075,5.952873134328358,16.2,17.010000000000005,12.52836905766214,25.827522933153304,121.51627644882217,487.4999999999999,116.4802908746809,118.04816524465893,60.0617024260272,100.0,63.06196840826245,1.8831887317985274,16.322734911215584,36.67086987963162,134.87076449682175,143.25768509981071,72.31804795961295,100.0,53.341433778857834,15.731365240616478,8.76399942182879,26.34799878120478,0.0,0.0,0.0,158.41024572065362,53.098420413122724,70.17954722872756,2,0,0,1,0.9773827,0.95476544,-0.95476544,-0.10953790655249514,0.10953790655249514,-0.2800050050020218
79,SINNER,SINNER,2,RETURN WINNER,2nd Serve,37,40.0,Right,2.879538461538462,6.060923076923077,7.200000000000001,13.968,8.382395640370863,17.234611951325604,75.38121639784947,272.5839999999997,7.920909090909092,2.8054545454545456,14.184000000000001,3.6,8.53626862954081,14.634502358041342,15.934085648148152,54.48750000000002,0.0,0.0,0.0,0.0,0.0,0.0,0.0,0.0,0.0,0.0,0.0,0.0,0.0,0.0,0.0,0.0,0.0,0.0,0.0,141.39446622161836,30.984204131227216,73.77049180327869,2,1,0,0,0.026471814,-0.94705635,0.94705635,-0.277041638927334,0.277041638927334,-0.2798867613077164
80,SINNER,ALCARAZ,13,ERROR,1st Serve,32,30.0,Left,6.055702811244981,4.935461847389559,16.200000000000003,14.759999999999996,10.067128565455539,20.18140058187862,90.71511051373955,334.88000000000017,5.4585140562248995,6.154819277108433,14.039999999999997,15.704999999999991,12.255227483894421,23.066544031363996,103.78122666517324,368.5125000000001,131.84373192638404,138.59907462481286,68.46445098864115,100.0,59.416767922235714,8.176160617012547,8.594487545788308,18.47940489278723,120.2822869120463,138.4750489726559,74.22521385499931,100.0,58.80923450789793,16.748791198610473,13.848037007166901,24.996497025481283,0.0,0.0,0.0,210.61327632260011,23.207776427703525,75.95628415300546,1,0,0,1,0.96742153,0.93484306,-0.93484306,-0.034664648616913527,0.034664648616913527,-0.1902248442173004
81,SINNER,SINNER,1,Ace,1st Serve,37,40.0,Right,1.8,7.2,1.8,7.2,7.42159012611179,7.42159012611179,0.0,0.0,1.8,10.8,1.8,10.8,10.948972554536796,10.948972554536796,0.0,0.0,0.0,0.0,0.0,0.0,0.0,0.0,0.0,0.0,0.0,0.0,0.0,0.0,0.0,0.0,0.0,0.0,0.0,0.0,0.0,215.47888975522534,0.6075334143377886,86.88524590163934,1,1,0,0,0.009936775,-0.98012644,0.98012644,-0.22375703811378067,0.22375703811378067,-0.28466816842556
83,ALCARAZ,ALCARAZ,11,WINNER,1st Serve,42,30.0,Right,9.420256849315068,7.140154109589042,21.54600000000001,19.800000000000004,16.80636223511772,32.683335603136484,184.56458500669342,724.1000000000003,4.933869863013699,4.733270547945206,12.960000000000003,14.4,8.771378359561842,17.80845272166757,67.69700528303692,251.99999999999991,123.48795001907997,141.9107645668857,62.72612536811107,100.0,42.69744835965978,18.118897597965393,14.140347134497988,10.70004158644067,121.33153977225383,132.22836747999702,74.32057214976861,100.0,74.77521263669502,9.567334367347872,10.860766312411648,15.150280393947511,155.68058923307655,66.46415552855407,99.84387197501951,0.0,0.0,0.0,1,1,1,1,0.9730503,0.9461006,-0.9461006,0.010214518831720561,-0.010214518831720561,-0.19015902876853943
84,ALCARAZ,SINNER,5,ERROR,1st Serve,32,40.0,Left,6.941672727272727,10.089709090909093,15.228000000000003,23.50800000000001,31.9670981062684,154.11083168636276,197.10185070707004,753.8439999999993,4.980872727272727,4.953600000000001,14.148000000000003,18.46800000000001,9.012591944148033,19.957141049054076,71.10519429125817,288.18749999999994,138.76029289850987,157.6973598750145,79.13336137989062,100.0,48.724179829890645,26.78105694974052,18.800651481274635,34.710952563713874,53.09036499106077,53.09036499106077,46.82372738746319,50.0,89.30741190765492,0.0,0.0,0.0,187.03380961334136,67.19319562575942,82.66978922716628,0.0,0.0,0.0,1,0,1,0,0.046549,-0.906902,0.906902,-0.17320880729319393,0.17320880729319393,-0.18842801749706267
85,ALCARAZ,SINNER,2,RETURN WINNER,1st Serve,32,40.0,Right,4.550000000000001,12.383846153846152,10.836,25.253999999999998,20.415555164315617,40.25787291077847,398.6079861111111,1360.775,3.722307692307692,6.480769230769229,8.388000000000002,14.976000000000004,9.952898362166541,17.7368167085135,143.3468364197531,450.3125000000002,129.12990398849217,129.12990398849217,53.30248212031973,100.0,99.51397326852977,0.0,0.0,0.0,0.0,0.0,0.0,0.0,0.0,0.0,0.0,0.0,195.98000906911054,77.15674362089915,78.29820452771273,0.0,0.0,0.0,1,1,1,0,0.034190927,-0.93161815,0.93161815,-0.3248906894235123,0.3248906894235123,-0.2833696842193604
86,ALCARAZ,SINNER,3,ERROR,2nd Serve,46,40.0,Left,2.8525263157894734,9.514421052631578,9.0,24.072,12.418177676162646,24.887236498603862,158.97502566425123,611.182,4.093578947368422,5.759052631578949,8.639999999999999,17.639999999999997,9.338400928865735,19.504972986951298,80.2132774758454,228.31250000000006,121.10565531087146,121.10565531087146,77.45056794278501,100.0,25.880923450789794,0.0,0.0,0.0,0.0,0.0,0.0,100.0,0.0,0.0,0.0,0.0,162.84185142496364,65.24908869987848,72.36533957845434,0.0,0.0,0.0,2,0,1,0,0.0066630803,-0.98667383,0.98667383,-0.4572473268475689,0.4572473268475689,-0.2871160417795181
87,ALCARAZ,SINNER,7,ERROR,2nd Serve,50,40.0,Right,5.128348739495799,8.74323529411764,14.4,19.44514285714284,70.48806841093845,315.8239685713964,110.64782880727991,420.88760695389203,6.021529411764706,5.379529411764706,14.094000000000014,16.919999999999998,10.360209620186682,20.035896850813184,92.36550032970656,381.1000000000001,139.87414423841673,161.30879505265943,76.16042630767073,100.0,38.517618469015794,24.953276883241923,9.71415498785162,22.320218718260094,131.50061118101303,136.35578986680247,74.21119057635676,100.0,26.366950182260023,6.866259545188206,15.290403261669566,28.524842205824275,174.06589900522164,91.98055893074118,76.89305230288836,0.0,0.0,0.0,2,1,1,0,0.013703173,-0.97259367,0.97259367,-0.5603166000601364,0.5603166000601364,-0.37711749970912933
88,SINNER,SINNER,4,ERROR,2nd Serve,47,30.0,Right,4.341055900621119,7.410372670807455,10.8,19.8,12.016628426506957,21.98335290330994,114.78131504922645,378.6640000000004,8.677639751552794,5.720496894409938,17.28,14.76,12.90796037466075,21.673988135822388,104.66144734528832,361.5750000000001,128.32456481921787,128.32456481921787,53.13420277660917,100.0,69.38031591737546,0.0,0.0,0.0,111.34653678219773,111.34653678219773,56.41564997896508,100.0,9.113001215066829,0.0,0.0,0.0,0.0,0.0,0.0,219.37228691423286,12.515188335358445,89.38329430132708,2,1,0,0,0.010978572,-0.97804284,0.97804284,-0.6438618518434384,0.6438618518434384,-0.47571882903575896
89,SINNER,SINNER,2,RETURN WINNER,1st Serve,37,20.0,Left,2.39027027027027,6.193783783783784,5.4,13.175999999999998,9.377837871273943,16.27362068961274,45.82409722222222,122.291,1.6216216216216215,1.889189189189189,3.2400000000000007,4.32,3.8329121303627804,5.696225478307749,11.391799428104575,41.21249999999998,0.0,0.0,0.0,0.0,0.0,0.0,0.0,0.0,0.0,0.0,0.0,100.0,0.0,0.0,0.0,0.0,0.0,0.0,0.0,211.08475230723403,38.27460510328068,83.91881342701015,1,0,0,0,0.013143642,-0.97371274,0.97371274,-0.7098320322170266,0.7098320322170266,-0.4757454633712769
90,SINNER,ALCARAZ,7,ERROR,2nd Serve,37,20.0,Right,3.908912466843501,7.5470291777188345,11.16,19.915199999999995,12.710558405917373,22.866893136562126,141.48159324123588,524.7418799999997,7.288567639257296,4.234535809018568,16.271999999999995,13.679999999999998,10.49075506610908,22.260670641469947,83.91174149584076,365.3374999999995,137.86539043558514,139.5346270605226,80.3954564577198,100.0,66.58566221142163,2.3606570737964394,7.139487904281504,7.045292352040931,118.65979947608612,130.4876728394366,66.7648296171645,100.0,35.84447144592953,16.72713892448174,0.0,0.0,0.0,0.0,0.0,165.04301048894752,24.908869987849332,75.80015612802498,2,1,0,1,0.90532887,0.81065774,-0.81065774,-0.4057340694505369,0.4057340694505369,-0.38664319217205045
91,SINNER,SINNER,25,WINNER,2nd Serve,37,20.0,Left,6.161149346180317,7.797914659325532,15.84,20.62199999999999,13.894808622591357,28.457873763084578,142.92900181992337,541.138,6.531163110805231,3.8074810736407434,15.48,11.16,8.973191978003092,19.408146660072553,57.70728927203065,231.52499999999995,128.41916019478697,223.1991864076152,74.72070303370262,58.333333333333336,53.77345754016471,43.53541348184862,15.318568986040228,22.007063439439047,102.12313432700516,135.0937182555746,63.5759360538494,66.66666666666666,43.110571081409475,33.18838735382748,16.41250647975252,20.91466954438991,0.0,0.0,0.0,146.56225304373677,77.88578371810449,87.82201405152225,2,0,0,0,0.0724979,-0.8550042,0.8550042,-0.4955880958246327,0.4955880958246327,-0.4743174523115158
92,SINNER,SINNER,8,ERROR,2nd Serve,37,20.0,Right,6.502911694510741,7.81689737470167,14.76,19.83599999999999,15.07912736485388,36.625733005416755,149.82215959821426,583.3750000000001,5.858305489260143,3.3621479713603817,13.715999999999989,10.44,8.20208861014807,15.784349187908074,41.14624232104701,137.99999999999994,148.1371008049392,180.6804653061095,78.51633711961857,100.0,27.82503037667072,28.21742417938116,13.976897073652573,2.4301336573511527,138.79785231700725,144.18125109807588,71.67297714205581,100.0,71.16241393276631,6.723012162691195,16.692838734665468,17.580019776598384,0.0,0.0,0.0,165.66170394126522,30.741190765492103,80.32786885245902,2,1,0,0,0.05323009,-0.89353985,0.89353985,-0.5751784472546361,0.5751784472546361,-0.4700751036405563
93,ALCARAZ,ALCARAZ,2,RETURN WINNER,2nd Serve,52,20.0,Right,4.907027027027027,6.254594594594595,13.535999999999994,20.249999999999993,11.310415038170918,23.883364380160472,145.03671977124185,701.0664374999999,3.8837837837837843,11.818378378378378,9.07199999999999,25.272000000000002,17.509423937220312,33.528143316470356,322.66493055555554,1180.1171874999995,0.0,0.0,0.0,0.0,0.0,0.0,0.0,0.0,0.0,0.0,0.0,0.0,0.0,0.0,0.0,0.0,191.65930311819787,81.044957472661,74.5511319281811,0.0,0.0,0.0,2,1,1,1,0.98289603,0.96579206,-0.96579206,-0.26698434146777883,0.26698434146777883,-0.38022130727767944
94,ALCARAZ,ALCARAZ,3,WINNER,1st Serve,42,20.0,Left,5.7034710743801655,4.098842975206612,14.4,11.700000000000001,9.186389113118741,15.98983503870952,69.68679378531074,255.22899999999981,3.9984297520661163,8.52287603305785,10.350000000000001,21.599999999999984,64.14775986837428,350.6260867116929,146.98453625235408,600.7545000000001,108.40781072480223,108.40781072480223,66.00757257046698,100.0,1.5795868772782502,0.0,0.0,0.0,185.68571053257915,185.68571053257915,95.8771560790913,100.0,98.05589307411907,0.0,0.0,0.0,196.89902934406058,65.24908869987848,72.98985167837627,0.0,0.0,0.0,1,0,1,1,0.97895604,0.9579121,-0.9579121,-0.022005052915943,0.022005052915943,-0.28637403845787046
95,ALCARAZ,ALCARAZ,6,ERROR,2nd Serve,42,30.0,Right,7.675018867924528,4.227169811320755,17.20799999999999,10.8,10.691435088134568,18.707202849211534,84.98031912637828,241.3319999999999,3.556641509433962,7.68022641509434,8.567999999999993,19.439999999999998,12.93354781647043,25.153104025822916,148.10588952502124,574.1749999999998,126.52622004841731,126.7990125749789,72.94909549852756,100.0,34.38639125151883,0.3857868907774306,3.867222614819144,7.9044743461922735,131.3953825251312,136.38382826233004,66.63862010938158,100.0,60.75334143377886,7.054727616708848,15.052420331526841,9.107329138004134,188.48761451255677,48.724179829890645,82.98204527712724,0.0,0.0,0.0,2,1,1,1,0.9903419,0.9806838,-0.9806838,0.1785327201930317,-0.1785327201930317,-0.1942172735929489
96,ALCARAZ,SINNER,5,ERROR,1st Serve,42,40.0,Left,7.268684210526317,5.920953947368422,17.640000000000004,17.28,12.429095473328136,32.81234765754071,138.27014027316352,503.88,4.918125000000001,7.1235197368421055,13.265999999999988,22.98599999999999,12.540749079861051,27.520186720384977,129.0433624031008,612.7500000000002,99.16079726848994,130.18712753923973,74.67395877156079,100.0,71.20291616038881,43.877857059561244,21.775438108058598,2.2338731847934707,141.84876795669686,141.84876795669686,65.9234328986117,100.0,83.96111786148238,0.0,0.0,0.0,236.70861660283302,87.12029161603888,94.69164715066356,0.0,0.0,0.0,1,0,1,0,0.06890894,-0.86218214,0.86218214,-0.0296102534219748,0.0296102534219748,-0.1897558093070984
98,ALCARAZ,ALCARAZ,3,WINNER,1st Serve,47,40.0,Left,7.4623584905660385,4.826320754716981,16.83,14.400000000000002,124.43537956646087,1098.728212487234,113.25126348435815,621.2959999999994,3.3008490566037736,9.287264150943395,7.36875,20.4525,31.16881504244651,188.34186521536378,138.7123894282632,678.647222222222,121.54725217884256,121.54725217884256,0.0,100.0,0.0,0.0,0.0,0.0,46.01238036751413,46.01238036751413,44.97265460664703,0.0,40.46172539489672,0.0,0.0,0.0,174.07416667962156,89.79343863912516,65.49570647931303,0.0,0.0,0.0,1,0,1,1,0.12244704,-0.7551059,0.7551059,-0.17470938611472522,0.17470938611472522,-0.1825128048658371
99,SINNER,SINNER,16,ERROR,1st Serve,52,50.0,Right,5.2088760504201685,4.390430672268908,12.761999999999976,13.121999999999977,9.07495697558587,18.44182432984796,73.19386035007611,255.21599999999984,7.129222689075631,6.868046218487394,18.72,18.719999999999995,14.324653495146952,30.032466426605225,136.1147325401007,522.7999999999996,134.22282896437963,147.666308314385,65.04597632069235,100.0,54.24405485158826,13.735257082764337,12.875739522932239,19.82792216070911,115.05566166658441,142.87100992606128,73.62822284993089,87.5,38.517618469015794,18.546277818371454,8.018891413684093,22.53132770487399,0.0,0.0,0.0,203.1917191335819,80.80194410692589,89.22716627634661,1,1,0,0,0.054571886,-0.8908562,0.8908562,-0.31793875083858997,0.31793875083858997,-0.2691329777240753
100,SINNER,SINNER,4,ERROR,1st Serve,42,50.0,Left,6.9547058823529415,7.575,14.76,19.890000000000004,13.231429218865781,26.63045222728311,175.3085975355054,693.8879999999999,9.635779411764709,9.793978991596635,23.544000000000004,24.839999999999996,87.31940877551776,329.4701851706299,205.8066106060218,828.9999999999992,80.45376630660827,140.77686721297007,66.93310896087506,100.0,88.57837181044957,85.30974742617761,0.0,0.0,0.0,0.0,0.0,0.0,0.0,0.0,0.0,0.0,127.45371335906236,0.0,0.0,0.0,0.0,0.0,1,0,0,0,0.005453357,-0.9890933,0.9890933,-0.45216966190432806,0.45216966190432806,-0.36632591485977173
101,SINNER,ALCARAZ,5,ERROR,1st Serve,42,40.0,Right,4.748012422360249,5.3299209486166,12.023999999999992,17.06399999999999,10.341806485708073,21.92140583752561,94.38633256235828,417.9499999999995,7.686521739130435,7.876719367588934,18.36,21.6,16.36907519500328,32.23950343470895,201.80405555555555,890.9023437499973,163.38943794767354,163.38943794767354,61.37989061842659,100.0,68.65127582017011,0.0,0.0,0.0,94.60448867244182,115.767419273149,65.88136306268406,50.0,33.53584447144593,29.92890347508069,14.576454471241409,26.978314616351874,0.0,0.0,0.0,208.14592656255775,11.7861482381531,98.59484777517564,1,1,0,1,0.93214834,0.8642967,-0.8642967,-0.1888763937973095,0.1888763937973095,-0.2757582634687424
102,SINNER,SINNER,9,ERROR,1st Serve,42,50.0,Left,5.087488789237669,5.6176681614349775,12.240000000000002,14.4,9.655899891993213,20.33793981342671,79.62985828944069,301.62600000000003,8.444932735426008,7.4498878923766805,21.959999999999997,19.08,25.37615238590133,113.35765937268323,173.52694099573614,579.6999999999999,100.4866161052303,140.330806773292,68.30739026784462,100.0,62.413932766302146,61.202235672727355,5.638195162810634,16.52907769110435,117.54478907571549,149.3030267405087,74.16912074042912,75.0,53.098420413122724,35.30956153582578,0.4759658602854416,16.15262149004508,0.0,0.0,0.0,215.23762636426795,85.90522478736331,87.82201405152225,1,0,0,0,0.53090125,0.061802506,-0.061802506,-0.13874061362958684,0.13874061362958684,-0.31941029131412507
103,SINNER,ALCARAZ,5,ERROR,2nd Serve,42,50.0,Right,4.256729323308271,4.806879699248121,11.52,14.76,8.653409916758248,18.500639017502905,94.34972433460077,408.6159999999998,6.2912030075187975,5.964022556390978,14.040000000000001,17.55,11.03339486549175,21.034483258418515,83.56494243768483,332.94999999999993,134.06606284605678,134.06606284605678,74.25326041228439,100.0,73.99756986634264,0.0,0.0,0.0,119.61522266598887,134.40689692157702,69.07867059318468,100.0,49.331713244228425,20.918586342457715,8.150915357388058,14.9497666982332,0.0,0.0,0.0,152.96854272600277,16.889428918590525,97.18969555035129,2,1,0,1,0.9823682,0.96473634,-0.96473634,0.08195477800104296,-0.08195477800104296,-0.22216715216636657
104,SINNER,SINNER,4,ERROR,1st Serve,47,50.0,Left,4.0030674846625764,6.265766871165646,10.044000000000002,16.2,10.13686540677273,18.798535506234167,103.72332118055553,367.3019999999992,9.450920245398775,7.9198159509202455,21.924000000000003,22.896000000000004,16.841248306687657,32.507237003023306,183.19341362847223,629.9070312499998,138.6582364239777,138.6582364239777,71.729070256626,100.0,78.1287970838396,0.0,0.0,0.0,72.05218365615453,104.21229944837991,58.93984013462348,100.0,28.79708383961118,45.48127192085429,7.9724281597810185,3.0930551789447973,0.0,0.0,0.0,208.73407255427804,74.726609963548,79.07884465261515,1,0,0,0,0.019012699,-0.9619746,0.9619746,-0.1268311020798604,0.1268311020798604,-0.31757091283798217
105,ALCARAZ,ALCARAZ,1,Ace,1st Serve,57,40.0,Right,18.0,7.2,18.0,7.2,19.386593305684215,19.386593305684215,0.0,0.0,5.4,7.2,5.4,7.2,9.0,9.0,0.0,0.0,0.0,0.0,0.0,0.0,0.0,0.0,0.0,0.0,0.0,0.0,0.0,0.0,0.0,0.0,0.0,0.0,142.12771936915308,99.27095990279466,92.59570887673539,0.0,0.0,0.0,1,1,1,1,0.9321687,0.86433744,-0.86433744,0.07140260743788468,-0.07140260743788468,-0.2290089398622513
106,ALCARAZ,ALCARAZ,2,RETURN WINNER,2nd Serve,47,40.0,Left,5.242285714285715,5.490000000000001,12.959999999999999,20.34,11.551981284262812,21.44520382898366,140.13272135416668,606.7229999999997,2.0494285714285714,6.971142857142859,3.9599999999999995,16.127999999999993,9.13168776379678,16.26772845679414,113.21571180555556,435.2874999999999,0.0,0.0,0.0,0.0,0.0,0.0,0.0,0.0,0.0,0.0,0.0,0.0,0.0,0.0,0.0,0.0,189.1656427521906,5.467800729040097,67.8376268540203,0.0,0.0,0.0,2,0,1,1,0.9909945,0.981989,-0.981989,0.25351989134113273,-0.25351989134113273,-0.13332858085632324
107,ALCARAZ,SINNER,7,ERROR,1st Serve,47,50.0,Right,6.813693467336682,8.313391959798997,15.84,23.039999999999992,15.052766940619016,29.664725421267768,175.1720699718706,722.6179999999987,4.198266331658291,7.943894472361808,10.080000000000002,23.6988,11.349677800658675,25.845328782434255,122.80933509142052,565.4421874999994,73.88779230333584,133.96950440243415,49.85275557425325,66.66666666666666,42.891859052247874,52.127868484692314,23.084344223843534,30.93055178944801,79.46649203238661,81.8009147044173,65.54480437526294,100.0,60.75334143377886,3.301372203097022,21.358967980308837,29.384024199975606,194.40865268653354,79.82989064398542,87.66588602654176,0.0,0.0,0.0,1,1,1,0,0.7986765,0.597353,-0.597353,0.322286509439819,-0.322286509439819,-0.05412724018096924
108,ALCARAZ,SINNER,3,ERROR,2nd Serve,47,50.0,Left,3.516774193548387,6.992903225806452,9.0,15.12,11.293577775032293,17.336151917038684,76.40928549382716,236.08,4.194516129032259,6.784193548387096,13.823999999999998,17.064,10.650263666964202,19.42312134595751,124.61153549382715,529.2249999999997,121.65429215297152,121.65429215297152,85.27555742532604,100.0,61.11786148238153,0.0,0.0,0.0,0.0,0.0,0.0,0.0,0.0,0.0,0.0,0.0,165.11695977332664,58.68772782503038,92.81811085089774,0.0,0.0,0.0,2,0,1,0,0.0042179204,-0.99156415,0.99156415,0.059516376463515354,-0.059516376463515354,-0.055075764656066895
109,ALCARAZ,ALCARAZ,4,ERROR,1st Serve,57,40.0,Right,8.019945652173913,8.56483695652174,17.117999999999995,21.400799999999997,17.367776794543655,33.74304771838274,165.24892142418662,534.3812499999999,6.267554347826087,5.060054347826088,12.240000000000004,12.546,10.276626770935504,16.632665306400842,65.92473334868018,178.50000000000006,102.53379859381121,102.53379859381121,88.30458561211611,100.0,85.90522478736331,0.0,0.0,0.0,87.21268738744433,87.21268738744433,58.266722759781246,100.0,34.87241798298906,0.0,0.0,0.0,183.34235424367057,91.25151883353585,93.91100702576112,0.0,0.0,0.0,1,1,1,1,0.38071358,-0.23857284,0.23857284,-0.00010146604328528763,0.00010146604328528763,-0.018102264404296874
110,ALCARAZ,SINNER,1,Ace,2nd Serve,52,50.0,Left,1.8,7.2,1.8,7.2,7.42159012611179,7.42159012611179,0.0,0.0,3.6,3.6,3.6,3.6,5.091168824543142,5.091168824543142,0.0,0.0,0.0,0.0,0.0,0.0,0.0,0.0,0.0,0.0,0.0,0.0,0.0,0.0,0.0,0.0,0.0,0.0,151.35088986110748,92.70959902794654,117.4863387978142,0.0,0.0,0.0,2,0,1,0,0.2871041,-0.4257918,0.4257918,-0.08523953287292618,0.08523953287292618,0.009293782711029052
111,ALCARAZ,ALCARAZ,6,ERROR,2nd Serve,57,50.0,Right,6.328544776119403,7.777835820895523,14.4,19.907999999999987,13.917097824810432,25.675872313603065,147.30211425576522,550.6279999999995,4.627276119402985,4.422201492537313,11.520000000000001,11.501999999999976,8.315990871751346,17.030511834881196,70.96115041928721,257.74999999999966,127.24051297097895,130.1394091382099,61.169541438788386,100.0,49.21020656136088,4.099658275609415,9.578812938244358,7.560801548531728,129.83240797014255,143.45558714117,72.02355910811949,100.0,47.9951397326853,19.26608474630568,9.935787333458421,21.6513862526136,138.9848542466163,29.283110571081412,73.14597970335676,0.0,0.0,0.0,2,1,1,1,0.974824,0.949648,-0.949648,0.12173797829787172,-0.12173797829787172,0.01624329686164856
112,ALCARAZ,ALCARAZ,4,ERROR,1st Serve,52,50.0,Right,8.08086956521739,10.815942028985505,19.386,23.759999999999998,17.124216308327437,37.45876640243834,168.34757489106752,463.3994444444442,5.1069565217391295,4.078550724637681,11.483999999999998,10.080000000000002,8.289046373857907,13.563313694142101,49.31312125544662,161.31249999999994,122.99164101957517,122.99164101957517,55.153554901135884,100.0,22.721749696233292,0.0,0.0,0.0,47.40167652987351,47.40167652987351,27.219183845183004,0.0,83.71810449574727,0.0,0.0,0.0,197.46243752736237,70.1093560145808,68.30601092896174,0.0,0.0,0.0,1,1,1,1,0.906841,0.81368196,-0.81368196,0.2601267746947144,-0.2601267746947144,0.09967760443687439
113,SINNER,ALCARAZ,6,WINNER,2nd Serve,57,60.0,Right,6.14002572347267,9.083633440514468,14.940000000000001,21.690000000000005,17.082279102297736,34.32874011400229,219.90429392135638,905.0339999999999,4.833086816720257,3.111704180064309,10.260000000000002,9.720000000000002,7.30663929847589,13.597101747649692,38.79375789141414,140.77499999999992,130.52193405219384,144.82488054342977,69.12074042911232,100.0,45.80801944106926,20.227420909802532,11.304189181779044,4.467746369586936,138.139656868137,148.30688940551724,69.12074042911233,100.0,50.911300121506684,10.547251275185818,11.360102145731572,23.639842595645106,0.0,0.0,0.0,142.1472293308147,24.179829890643987,72.8337236533958,2,1,0,1,0.9467411,0.8934822,-0.8934822,0.38679786143196543,-0.38679786143196543,0.1890287071466446
114,SINNER,SINNER,8,ERROR,2nd Serve,57,60.0,Left,6.852458547741567,9.891572327044026,19.08,25.368,17.234360875751403,36.58359440849932,175.07937339047103,636.5449999999996,5.031446540880502,3.5864150943396234,13.679999999999998,10.080000000000002,7.41431159663832,16.429005057472164,39.03175178738866,166.47499999999982,117.55255096857513,136.6927352413826,59.44467816575516,100.0,45.07897934386392,28.53572837876041,6.4007012199104585,22.0500316997053,109.04749806781554,144.52778784627998,57.98625718693031,66.66666666666666,56.66261644390442,49.318138114571454,17.42531046732439,5.157000904786393,0.0,0.0,0.0,152.94368424175116,60.87484811664642,58.31381733021077,2,0,0,0,0.09103819,-0.8179236,0.8179236,0.145853568017898,-0.145853568017898,0.09984292387962342
115,SINNER,ALCARAZ,9,ERROR,1st Serve,47,60.0,Right,3.9352529182879383,8.798696498054476,9.72,22.923,13.178545477360412,25.524546978223057,138.86603533376822,501.5400000000001,7.80023346303502,6.206439688715953,17.280000000000005,23.525999999999986,12.958919536083572,33.99662169200464,141.32184849967388,719.6250000000002,152.7420284689115,158.1772768189084,87.79974758098443,100.0,72.37748076144187,5.901836267694624,7.7403925163530065,10.54894494675753,90.3638368475472,136.89200402096085,56.72416210910111,50.0,38.03159173754557,32.06803004521588,11.311180377924106,33.204021645589776,0.0,0.0,0.0,221.45666417090223,58.68772782503038,100.62451209992193,1,1,0,1,0.9076581,0.8153162,-0.8153162,0.2797460944830435,-0.2797460944830435,0.09271312952041626
116,SINNER,SINNER,2,RETURN WINNER,2nd Serve,61,60.0,Left,1.8828358208955223,8.861641791044777,4.571999999999998,21.6,11.276360033293649,22.345113820165082,147.7901388888889,596.9339999999991,0.6743283582089553,2.391492537313433,1.08,2.5200000000000005,2.632281182435854,2.903218236808553,0.5509168836805562,1.9624999999999968,0.0,0.0,0.0,0.0,0.0,0.0,0.0,0.0,0.0,0.0,0.0,0.0,0.0,0.0,0.0,0.0,0.0,0.0,0.0,157.31552340574626,45.56500607533414,86.41686182669788,2,0,0,0,0.008857375,-0.98228526,0.98228526,0.027339823329274884,-0.027339823329274884,-0.005435323715209961
117,SINNER,SINNER,6,ERROR,2nd Serve,57,50.0,Right,4.454563106796116,8.594660194174757,11.015999999999988,21.240000000000002,13.503188047078101,27.335134318861687,147.69078538267158,486.71999999999997,6.638349514563107,3.731262135922331,14.760000000000002,11.880000000000003,9.540932921874761,20.280005436994504,61.51310026325345,270.9375,132.51584460313077,140.1464884587073,59.9074463609592,100.0,28.31105710814095,10.791360030195232,1.2494103832492653,21.307713454953074,133.0607187122999,138.29361397009615,56.373580143037444,100.0,62.08991494532199,7.400431444053312,3.6292396846764383,20.620367859632008,0.0,0.0,0.0,149.41095981253835,42.891859052247874,74.08274785323967,2,1,0,0,0.036091615,-0.92781675,0.92781675,-0.16369149107633504,0.16369149107633504,-0.00871705412864685
119,ALCARAZ,ALCARAZ,2,RETURN WINNER,2nd Serve,62,50.0,Right,7.086486486486487,3.775945945945948,12.743999999999996,10.889999999999999,9.415230776654306,13.233026474928995,41.42900326797386,143.61099999999993,2.9910810810810804,9.895945945945947,5.063999999999992,23.039999999999996,15.496885599265658,31.198403437782115,193.1039113562092,812.425,0.0,0.0,0.0,0.0,0.0,0.0,0.0,0.0,0.0,0.0,0.0,0.0,0.0,0.0,0.0,0.0,186.40786001125758,11.543134872417983,91.41295862607338,0.0,0.0,0.0,2,1,1,1,0.99181175,0.9836235,-0.9836235,0.06577150808198286,-0.06577150808198286,0.07821941673755646
120,ALCARAZ,ALCARAZ,2,RETURN WINNER,2nd Serve,52,50.0,Left,5.413392857142858,7.299107142857143,14.13,21.87,12.55263552528198,27.059885857355123,183.82006813417192,995.1760000000002,2.898214285714286,7.528928571428572,8.19,14.49,12.4071252779613,20.97582332346259,114.63135482180294,416.7,0.0,0.0,0.0,100.0,0.0,0.0,0.0,0.0,0.0,0.0,0.0,0.0,0.0,0.0,0.0,0.0,118.2517525857067,61.60388821385177,120.92115534738485,0.0,0.0,0.0,2,0,1,1,0.9723715,0.94474304,-0.94474304,0.24156581391973678,-0.24156581391973678,0.16999937891960143
121,ALCARAZ,SINNER,3,ERROR,1st Serve,52,60.0,Right,6.8183505154639175,6.131752577319587,17.64,20.447999999999986,12.52482269403783,23.55680929344958,128.75921838061467,388.336,3.634639175257732,5.061340206185567,10.871999999999996,14.255999999999968,10.408835954804605,18.41761654035555,68.36288416075651,212.47499999999977,121.72531395873682,121.72531395873682,64.07236011779554,100.0,26.366950182260023,0.0,0.0,0.0,0.0,0.0,0.0,0.0,0.0,0.0,0.0,0.0,212.26104817217677,18.347509113001216,79.07884465261515,0.0,0.0,0.0,1,1,1,0,0.07265519,-0.8546896,0.8546896,0.022314731509723903,-0.022314731509723903,0.17671956419944762
122,ALCARAZ,ALCARAZ,2,RETURN WINNER,2nd Serve,52,50.0,Left,4.094615384615384,2.4646153846153847,12.636000000000001,11.304000000000002,7.006831397359155,13.325194729046096,49.79581790123458,149.12444444444446,2.0830769230769226,8.503076923076925,4.014000000000001,19.332000000000004,10.450613429047829,20.126789394216214,105.46315586419753,332.12499999999994,0.0,0.0,0.0,100.0,0.0,0.0,0.0,0.0,0.0,0.0,0.0,0.0,0.0,0.0,0.0,0.0,167.38354393126104,84.93317132442284,69.55503512880561,0.0,0.0,0.0,2,0,1,1,0.9004488,0.8008976,-0.8008976,0.17803130486642116,-0.17803130486642116,0.17354961037635802
123,ALCARAZ,ALCARAZ,4,ERROR,2nd Serve,52,50.0,Right,8.805517241379311,5.456068965517241,18.287999999999993,15.767999999999992,12.149548998094172,21.026820634352692,103.60101036776213,283.9199999999995,7.039241379310344,6.393103448275862,16.703999999999983,17.78399999999998,13.366186383987289,26.427420470044346,131.7283352895149,473.0125000000002,116.51332663737591,116.51332663737591,75.26293647454774,100.0,68.89428918590522,0.0,0.0,0.0,121.81284212271724,121.81284212271724,76.2726125368111,100.0,58.93074119076549,0.0,0.0,0.0,179.39167341045697,25.394896719319565,75.64402810304449,0.0,0.0,0.0,2,1,1,1,0.8286894,0.6573788,-0.6573788,0.27390080244830933,-0.27390080244830933,0.20332842469215393
124,SINNER,ALCARAZ,3,ERROR,2nd Serve,62,50.0,Right,4.055581395348838,5.941744186046511,8.190000000000001,21.51,9.650238368184265,21.864723718113254,132.1649916331995,535.9249999999996,5.054302325581395,9.940813953488371,12.831428571428571,24.5025,49.442950919877156,280.50947559594744,313.91514655561014,1077.81875,0.0,0.0,0.0,100.0,0.0,0.0,0.0,0.0,128.2153854109978,128.2153854109978,98.90618426588136,100.0,54.79951397326853,0.0,0.0,0.0,0.0,0.0,0.0,164.7090791779444,42.891859052247874,83.13817330210773,2,1,0,1,0.98691064,0.9738213,-0.9738213,0.41388489843906523,-0.41388489843906523,0.20378267168998718
125,SINNER,ALCARAZ,4,WINNER,1st Serve,62,60.0,Left,6.994658385093168,9.319006211180126,15.48,21.240000000000002,14.835763871741491,24.337123246775523,162.34335091420536,575.2109999999999,5.999627329192547,9.72987577639752,12.6,23.85,36.82667634026833,198.00342691527277,184.05411096948743,814.8631944444458,96.09573271151724,96.09573271151724,62.81026503996634,100.0,39.48967193195625,0.0,0.0,0.0,138.23432138228472,155.31876921392748,73.03323517038282,100.0,68.408262454435,24.16105782916482,7.079992171745832,5.155091964908,0.0,0.0,0.0,215.3172711319271,14.21628189550425,97.18969555035129,1,0,0,1,0.9969837,0.9939674,-0.9939674,0.5299014015337387,-0.5299014015337387,0.3015797734260559
126,SINNER,SINNER,4,ERROR,2nd Serve,66,60.0,Right,5.934489795918368,5.910204081632653,16.451999999999998,18.971999999999994,11.377304027434315,25.593330751656268,152.69332561728396,712.2179999999998,5.85734693877551,7.191428571428572,13.32,18.611999999999995,14.329852923248415,25.631840365045644,139.16335117669755,507.76249999999976,116.13949796501623,116.13949796501623,77.02986958350863,100.0,36.087484811664645,0.0,0.0,0.0,120.27129068587207,120.27129068587207,53.05006310475389,100.0,61.60388821385177,0.0,0.0,0.0,0.0,0.0,0.0,163.34528481600358,32.44228432563791,68.7743950039032,2,1,0,0,0.37208062,-0.25583875,0.25583875,0.3727533708662096,-0.3727533708662096,0.24557096362113953
127,SINNER,SINNER,6,ERROR,1st Serve,66,60.0,Left,6.308122743682311,6.051985559566788,18.071999999999996,16.2,11.342625966155202,21.043364588744428,101.90128548256287,350.7269999999998,7.934945848375452,7.538014440433214,19.8,20.015999999999988,15.059062781119263,25.583170107240456,150.7355852088402,576.3874999999991,122.83416341556602,124.17216242340675,63.02061421960455,100.0,52.49088699878493,1.8922163433300938,3.2722652894623545,41.412572118094275,131.84053508284896,142.7843919255606,64.6613378207825,100.0,54.921020656136086,15.47695077163241,13.684018483206222,34.88278896254414,0.0,0.0,0.0,186.37974590179374,73.0255164034022,82.82591725214677,1,0,0,0,0.45289665,-0.09420669,0.09420669,0.279361358534268,-0.279361358534268,0.19176117777824403
128,SINNER,ALCARAZ,5,ERROR,2nd Serve,62,60.0,Right,9.349,4.970428571428571,20.520000000000003,14.237999999999994,13.59394905742978,25.081766012339354,135.70154983896938,412.2383200000001,7.535142857142858,7.5297857142857145,14.76,18.197999999999993,15.2459534360511,27.60730711685054,158.1246330683038,637.1999999999994,104.6670568148519,104.6670568148519,76.77745056794278,100.0,94.41069258809235,0.0,0.0,0.0,127.25829688604296,131.7116979143843,62.47370635254523,100.0,57.95868772782502,6.29806013296662,3.569743952140757,4.811419167247471,0.0,0.0,0.0,182.88935474303378,47.02308626974484,83.76268540202967,2,1,0,1,0.95250934,0.9050187,-0.9050187,0.4044928242781815,-0.4044928242781815,0.20714446306228637
129,SINNER,ALCARAZ,5,ERROR,2nd Serve,70,70.0,Left,6.59943925233645,7.070467289719627,17.046000000000003,16.919999999999998,12.426759348973961,23.183921196021984,144.76716824644552,566.5400000000001,7.607242990654207,7.603878504672897,18.251999999999995,19.565999999999995,14.241531526255054,26.689125883412544,144.73927066877303,544.7499999999998,126.8505366085093,126.8505366085093,49.51619688683214,100.0,51.1543134872418,0.0,0.0,0.0,121.25006409674079,132.45754165581343,71.39251156920488,100.0,70.71688942891859,15.849766764032642,14.992924598991165,10.825693126306797,0.0,0.0,0.0,161.70152956931432,59.65978128797084,67.99375487900078,2,0,0,1,0.98750246,0.9750049,-0.9750049,0.5185952417079088,-0.5185952417079088,0.3054729163646698
130,ALCARAZ,ALCARAZ,3,WINNER,2nd Serve,67,70.0,Right,5.075100000000001,6.989400000000001,9.72,16.39799999999999,11.086584562221567,17.45584480285316,87.81634020618556,317.87599999999986,5.327400000000001,6.766800000000001,10.097999999999999,22.787999999999997,12.244050930921585,28.67862726972549,157.24872923825887,643.7999999999989,104.63611577021976,104.63611577021976,64.2406394615061,100.0,10.571081409477522,0.0,0.0,0.0,146.02010911599467,146.02010911599467,89.90323937736643,100.0,98.05589307411907,0.0,0.0,0.0,167.25043153474164,26.123936816524907,97.34582357533176,0.0,0.0,0.0,2,1,1,1,0.99638355,0.9927671,-0.9927671,0.61342961248003,-0.61342961248003,0.3670399129390717
131,ALCARAZ,ALCARAZ,5,WINNER,1st Serve,57,70.0,Left,11.529945841392651,10.042468085106385,26.693999999999992,25.307999999999993,32.2367905883905,108.08665097272423,223.12735698481683,770.5782499999998,3.9199148936170207,8.117489361702129,10.547999999999995,19.800000000000004,11.021879584243068,20.274938921119134,94.95435973419539,296.4999999999997,103.67977701947886,130.72716270923038,0.0,100.0,0.0,38.25077966918257,0.0,0.0,79.36409752707237,111.94203867834368,60.244005048380316,50.0,55.1640340218712,46.072166210320425,2.915290894248286,9.10732913800414,185.0297168041906,94.41069258809235,74.23887587822014,0.0,0.0,0.0,1,0,1,1,0.9499007,0.8998014,-0.8998014,0.6707039646806369,-0.6707039646806369,0.43331957161426543
132,ALCARAZ,ALCARAZ,2,RETURN WINNER,1st Serve,57,80.0,Right,3.5353846153846153,13.033076923076923,9.468000000000004,25.272,21.429379206656105,44.71276350396042,434.4811205418381,1317.33875,4.1838461538461535,4.265384615384614,8.676,9.108000000000002,8.30685537050355,12.362065015859834,63.405767746913575,210.74999999999997,0.0,0.0,0.0,0.0,0.0,0.0,0.0,0.0,0.0,0.0,0.0,0.0,0.0,0.0,0.0,0.0,201.76812890267706,70.1093560145808,72.36533957845434,0.0,0.0,0.0,1,1,1,1,0.8411575,0.682315,-0.682315,0.6730261701347159,-0.6730261701347159,0.41995292007923124
133,ALCARAZ,SINNER,11,ERROR,1st Serve,57,80.0,Left,5.031790017211704,6.868753380870421,11.520000000000001,18.000000000000007,16.137989072504826,38.85569709507559,145.544792924817,576.0140816326523,3.7935800344234076,3.9763166953528395,9.0,10.080000000000002,6.929836274822462,12.356300329438426,33.559964917339485,109.79999999999995,133.93212349473157,158.10875349323476,73.22675641564999,100.0,38.663426488456864,19.482595423469604,14.0324692923166,23.926390584594586,140.53143173573636,163.09676997448415,80.96339924274295,100.0,44.8359659781288,20.48156227053324,6.618170434606328,10.583411104466304,196.41319718036,71.08140947752126,90.32006245120999,0.0,0.0,0.0,1,0,1,0,0.04240005,-0.9151999,0.9151999,0.3553809609405194,-0.3553809609405194,0.3335088282823563
134,ALCARAZ,ALCARAZ,7,WINNER,1st Serve,57,70.0,Right,5.018833333333332,5.791055555555555,16.2,17.639999999999997,10.938122085514046,25.386944786328378,109.68455016426186,408.9279999999998,4.154277777777778,3.915388888888889,11.520000000000001,13.680000000000001,6.988610090353864,15.846688474920047,40.256126500103456,162.19999999999996,86.20486345453327,118.90566026824006,89.39840134623476,66.66666666666666,34.062373430538685,29.137410372991265,9.094482723637288,36.32406330715173,129.82809945235275,150.02759462518017,81.01248071799186,100.0,75.94167679222357,30.695243905373708,9.375566003668302,20.914685231272497,200.7527314307274,48.48116646415553,78.14207650273224,0.0,0.0,0.0,1,1,1,1,0.9684738,0.9369476,-0.9369476,0.4716942855831329,-0.4716942855831329,0.3356820970773697
135,SINNER,ALCARAZ,7,ERROR,1st Serve,67,70.0,Right,3.4888977272727275,8.45403409090909,9.360000000000001,24.080399999999997,15.438112599381414,34.50918654564159,210.2347624960204,864.3959999999994,7.989886363636365,4.280965909090909,16.92,11.52,10.70746456584718,19.527029661587953,66.1707358325374,232.59999999999997,144.60408313190896,158.3824191255645,81.69962137147667,100.0,66.82867557715674,19.485509629161047,10.173770263601147,5.670601161398808,113.01461555944836,123.56232327230819,74.11302762585892,100.0,28.554070473876067,9.775154010463808,19.785767803758333,18.740411795672497,0.0,0.0,0.0,216.09813318083786,19.07654921020656,96.40905542544887,1,1,0,1,0.9348539,0.8697078,-0.8697078,0.5512969930265924,-0.5512969930265924,0.4200636684894562
136,SINNER,SINNER,8,WINNER,2nd Serve,67,70.0,Left,3.6972994652406417,7.509385026737967,9.72,21.005999999999986,12.35715478478263,24.112371983362017,129.34589367463067,529.4900000000002,7.022967914438502,4.525828877005347,18.0,13.32,10.138564937921268,25.573071268644952,94.23468384995506,411.7499999999999,123.27023409097956,133.2231759342682,72.65460664703407,100.0,83.39408667476712,8.64844227260725,12.114651900900839,17.874840366405405,77.23588279162644,112.37492024743814,59.809283410461376,75.0,24.746861077359256,40.52557918317148,12.978890983585774,21.25406251761264,0.0,0.0,0.0,234.68822437205029,0.0,0.0,2,0,0,0,0.030136088,-0.93972784,0.93972784,0.25309202585927176,-0.25309202585927176,0.3323114663362503
137,SINNER,SINNER,2,RETURN WINNER,1st Serve,57,70.0,Right,3.7856756756756753,9.660810810810812,9.072,22.067999999999998,21.73490308994595,37.00679155154036,228.55763071895424,631.2149999999998,5.8621621621621625,2.4283783783783788,17.279999999999987,7.055999999999996,8.622866890835123,17.700043103015915,87.85549428104575,373.42499999999984,0.0,0.0,0.0,0.0,0.0,0.0,0.0,0.0,0.0,0.0,0.0,0.0,0.0,0.0,0.0,0.0,0.0,0.0,0.0,215.28110882594055,10.08505467800729,82.98204527712724,1,1,0,0,0.018223403,-0.9635532,0.9635532,0.009762982640860222,-0.009762982640860222,0.33324806988239286
138,SINNER,SINNER,9,WINNER,1st Serve,57,70.0,Left,5.808724137931034,9.368586206896552,12.977999999999986,24.333428571428563,18.761083966997568,47.17842117262582,175.85728101189767,707.512,5.947913793103448,6.71172413793098,20.177999999999987,21.977999999999984,74.61410749700815,40.081819847026686,113.04221475983722,543.9888888888856,95.97436926063573,168.3338253610738,51.34623474968448,75.0,70.59538274605103,57.141063550295,23.39449824880839,13.112216967608099,89.64091408593777,133.62783648555907,70.97181320992848,100.0,34.629404617253954,31.590027667656468,0.0,0.0,0.0,0.0,0.0,136.01638285656242,58.68772782503038,84.1817416912074,1,0,0,0,0.063418716,-0.87316257,0.87316257,-0.16682212741058344,0.16682212741058344,0.3359807789325714
139,SINNER,SINNER,1,Ace,1st Serve,57,60.0,Right,1.8,1.8,1.8,1.8,2.545584412271571,2.545584412271571,0.0,0.0,0.0,7.2,0.0,7.2,7.2,7.2,0.0,0.0,0.0,0.0,0.0,0.0,0.0,0.0,0.0,0.0,0.0,0.0,0.0,0.0,0.0,0.0,0.0,0.0,0.0,0.0,0.0,212.71838908362176,1.0935601458080195,96.72131147540983,1,1,0,0,0.08390499,-0.83219004,0.83219004,-0.29989570928330544,0.29989570928330544,0.24519010186195372
140,ALCARAZ,ALCARAZ,1,Ace,1st Serve,67,50.0,Right,1.8,12.600000000000001,1.8,12.600000000000001,12.727922061357857,12.727922061357857,0.0,0.0,0.0,0.0,0.0,0.0,0.0,0.0,0.0,0.0,0.0,0.0,0.0,0.0,0.0,0.0,0.0,0.0,0.0,0.0,0.0,0.0,0.0,0.0,0.0,0.0,217.3812921584562,0.6075334143377886,85.79234972677595,0.0,0.0,0.0,1,1,1,1,0.21602637,-0.56794727,0.56794727,-0.3535060211238819,0.3535060211238819,0.1695555865764618
141,ALCARAZ,ALCARAZ,2,RETURN WINNER,1st Serve,57,50.0,Left,6.239999999999999,4.2058333333333335,14.13,11.137500000000001,10.055799568092644,19.904391541609268,71.81668350168349,242.94399999999985,2.1091666666666664,11.448333333333334,5.3999999999999995,26.730000000000004,17.268460967419415,33.504200315416405,282.8486952861953,970.1749999999993,0.0,0.0,0.0,100.0,0.0,0.0,0.0,0.0,0.0,0.0,0.0,0.0,0.0,0.0,0.0,0.0,222.93040225007098,7.168894289185905,93.1303669008587,0.0,0.0,0.0,1,0,1,1,0.98455054,0.9691011,-0.9691011,-0.08898460262742991,0.08898460262742991,0.26074512004852296
142,ALCARAZ,ALCARAZ,8,ERROR,1st Serve,57,50.0,Right,7.706402569593148,7.081708779443256,20.520000000000003,21.866400000000002,14.450171709303506,33.021337625348174,142.67212897924975,581.1062399999994,4.993040685224839,6.85458244111349,14.040000000000001,16.560000000000002,14.207383849044882,26.81583573889822,124.23550691451149,434.09999999999985,124.8289499083421,152.69921127887184,74.02888795400365,100.0,48.07614418793034,24.43402587040121,11.902814845193921,19.252323953131306,110.97759049489487,145.66779942558392,48.25410180900295,66.66666666666666,61.19886593762657,51.137662416576866,26.916411220429723,11.68571742538772,210.49783494640513,19.319562575941678,77.51756440281031,0.0,0.0,0.0,1,1,1,1,0.92991924,0.8598385,-0.8598385,0.10078001504168548,-0.10078001504168548,0.26369216442108157
144,SINNER,SINNER,3,WINNER,1st Serve,71,60.0,Right,4.173629032258065,8.72225806451613,9.305999999999997,22.211999999999996,12.76993575704203,26.147817223455398,194.45748278236914,705.64,6.326370967741935,9.665080645161291,15.84,23.706,16.321086782774554,28.126951791649855,244.32072141873277,1067.5,164.57442696412969,164.57442696412969,80.14303744215397,100.0,89.30741190765492,0.0,0.0,0.0,62.25909257569436,62.25909257569436,38.662179217501055,100.0,8.383961117861482,0.0,0.0,0.0,0.0,0.0,0.0,163.60051450452391,8.626974483596598,76.26854020296643,1,1,0,0,0.004209189,-0.9915816,0.9915816,-0.11769231172389204,0.11769231172389204,0.1812441438436508
146,ALCARAZ,ALCARAZ,2,RETURN WINNER,1st Serve,57,50.0,Right,5.378918918918918,5.940810810810811,12.455999999999996,16.2,10.041572994985176,16.432387349046763,57.03787173202615,140.58199999999994,3.0721621621621624,9.809189189189187,5.453999999999999,21.941999999999997,14.089359546993045,32.66793801794929,153.0129187091503,726.4546874999985,0.0,0.0,0.0,0.0,0.0,0.0,0.0,0.0,0.0,0.0,0.0,0.0,0.0,0.0,0.0,0.0,221.62184060374466,92.95261239368166,91.72521467603435,0.0,0.0,0.0,1,1,1,1,0.9853822,0.9707644,-0.9707644,0.09999903033590701,-0.09999903033590701,0.1810912996530533
147,SINNER,SINNER,1,Ace,1st Serve,57,60.0,Left,1.8,5.4,1.8,5.4,5.692099788303083,5.692099788303083,0.0,0.0,4.5,5.7,4.5,5.7,96.27896966627759,96.27896966627759,0.0,0.0,0.0,0.0,0.0,0.0,0.0,0.0,0.0,0.0,0.0,0.0,0.0,0.0,0.0,0.0,0.0,0.0,0.0,0.0,0.0,205.7176325198242,2.7946537059538272,89.38329430132708,1,0,0,0,0.0078451,-0.9843098,0.9843098,-0.11686273423504122,0.11686273423504122,0.08217743933200836
148,SINNER,SINNER,4,ERROR,1st Serve,57,60.0,Right,3.12796875,7.778812500000001,8.28,21.96,10.665837569422692,22.708670952214636,136.5271149593064,662.7920000000001,11.312249999999999,10.056225000000001,25.560000000000002,22.922999999999973,27.498433037499872,88.15689415920113,287.22081785208775,1035.399999999998,142.35998921277127,142.35998921277127,64.74547749263778,100.0,45.56500607533414,0.0,0.0,0.0,96.70207480617664,96.70207480617664,50.44173327724022,100.0,58.68772782503038,0.0,0.0,0.0,0.0,0.0,0.0,199.10592259464616,90.5224787363305,74.08274785323967,1,1,0,0,0.005115908,-0.9897682,0.9897682,-0.2914438288027034,0.2914438288027034,0.045480966567993164
149,ALCARAZ,SINNER,10,WINNER,2nd Serve,57,60.0,Left,5.327150635208712,5.916424682395644,12.42,18.72,9.839034288467717,21.254798847539092,84.92997592254663,312.71499999999975,6.80842105263158,6.939637023593467,18.18,18.720000000000002,13.73788241339428,24.648721553750548,114.17580646796432,418.09999999999985,128.66243889153935,152.42673850657258,75.44804375262937,100.0,60.87484811664641,16.633849182712716,8.397838980796836,22.84584148139839,106.72280536479943,139.71126349839972,59.23432898611696,100.0,52.67314702308627,33.02621665900779,26.046766932031186,32.542248183206105,180.0564123971928,30.741190765492103,71.7408274785324,0.0,0.0,0.0,2,0,1,0,0.034464624,-0.93107074,0.93107074,-0.4193692120404398,0.4193692120404398,0.003637763857841492
150,ALCARAZ,SINNER,5,ERROR,1st Serve,57,60.0,Right,10.540669456066947,8.599832635983262,24.875999999999998,22.513499999999993,22.305288618224377,45.93096931509037,264.03581450094157,945.1000000000004,6.4714644351464425,7.241297071129708,14.039999999999997,19.836000000000002,12.453875780856745,24.314941323143703,117.80555555555556,491.50000000000006,108.65054208175783,119.73719384849058,84.13967185527977,100.0,78.61482381530985,15.67889328982108,10.054778798529783,5.155091964908,128.39933058822962,128.39933058822962,73.74842238115271,100.0,56.50060753341434,0.0,0.0,0.0,200.25586226793934,82.26002430133657,82.35753317720531,0.0,0.0,0.0,1,1,1,0,0.054764632,-0.89047074,0.89047074,-0.5135895182682259,0.5135895182682259,-0.08613670766353607
151,SINNER,SINNER,2,RETURN WINNER,2nd Serve,57,50.0,Left,1.905,11.508750000000003,5.080499999999999,26.286,13.036451819763528,26.81921115296443,116.67212087087087,293.30599999999976,4.97475,4.07475,12.011999999999999,13.445999999999994,8.571401955905065,14.331250908559884,72.65507695195195,238.8999999999998,0.0,0.0,0.0,0.0,0.0,0.0,0.0,0.0,0.0,0.0,0.0,100.0,0.0,0.0,0.0,0.0,0.0,0.0,0.0,171.70461489570263,45.078979343863914,70.96018735362998,2,0,0,0,0.020876534,-0.95824695,0.95824695,-0.6025210038815557,0.6025210038815557,-0.1827993005514145
152,SINNER,ALCARAZ,5,ERROR,2nd Serve,57,40.0,Right,5.445684647302905,8.598547717842324,16.2,21.959999999999997,15.36690738105703,31.65641543655379,199.8191795051354,909.4279999999998,4.077261410788382,4.287759336099585,9.36,16.56,7.644989846418417,16.643828756917973,48.334748482726425,195.0375,118.6327569351076,118.6327569351076,46.31888935633151,0.0,7.654921020656136,0.0,0.0,0.0,152.39134047212437,167.4392963387395,84.13967185527977,100.0,74.1190765492102,21.28102327255889,23.381822886521928,14.262421102912125,0.0,0.0,0.0,152.42785702001717,29.283110571081412,70.33567525370805,2,1,0,1,0.9976209,0.99524176,-0.99524176,-0.2829684508637074,0.2829684508637074,-0.18267556726932527
153,ALCARAZ,ALCARAZ,9,WINNER,2nd Serve,57,40.0,Left,4.526029411764706,8.305084033613445,10.440000000000001,22.679999999999996,12.759993554010393,29.087726821114867,134.81325519144937,522.1319999999993,8.452752100840337,5.860525210084033,19.080000000000002,17.37,12.786237030856684,25.773133255112036,120.92963427883487,447.8999999999999,102.53245580240096,117.28487122069177,61.863693731594445,100.0,71.81044957472662,13.486209731486486,24.30519007267073,20.7241631122665,103.38968041217646,149.87930052847096,64.2406394615061,100.0,58.566221142162824,35.7900772665678,2.260837836355805,14.949766698233205,155.51406032208735,63.30498177399757,63.778298204527715,0.0,0.0,0.0,2,0,1,1,0.9599482,0.91989636,-0.91989636,-0.042395487848546035,0.042395487848546035,-0.18167081773281096
154,ALCARAZ,SINNER,7,ERROR,2nd Serve,57,40.0,Right,8.705405405405408,8.85855855855856,19.44,22.32,17.6204251023847,29.218598650142823,226.7788665824916,731.5880000000002,5.679279279279279,5.246756756756757,16.56,14.543999999999992,11.938998832553969,24.6561559319882,92.5124868476431,352.3750000000001,113.28703347074628,138.86923144510465,71.78516337119618,66.66666666666666,56.33859862292426,23.4249649745473,6.076919478959619,35.62640037394943,150.24059972154893,157.0804337764863,91.0391249474127,100.0,73.99756986634264,9.67298608487379,11.958642239671521,7.904474346192258,179.29903682527788,6.925880923450791,72.20921155347385,0.0,0.0,0.0,2,1,1,0,0.05266466,-0.89467067,0.89467067,-0.2128505233316699,0.2128505233316699,-0.2605201005935669
155,ALCARAZ,ALCARAZ,7,WINNER,1st Serve,67,40.0,Right,7.373502673796792,4.200080213903743,18.36,10.92599999999999,9.987630447122596,21.960713728229873,79.63757562144355,350.21999999999997,3.0660962566844927,6.86903743315508,8.280000000000001,18.72,12.163899326830306,24.485385215069304,123.20408430667865,516.7500000000001,124.21811254286239,159.16359707975002,86.93030430514655,100.0,32.11826650465776,39.71364148736218,8.757938889951019,20.759278381886652,116.7652062366699,143.89576297317623,70.66330107979246,100.0,69.7043337383556,45.539327004421544,20.50702052868206,27.95534050504236,199.03375813501216,97.56986634264885,80.64012490241998,0.0,0.0,0.0,1,1,1,1,0.98778164,0.9755633,-0.9755633,0.02483223888166911,-0.02483223888166911,-0.16598194241523742
156,ALCARAZ,SINNER,4,WINNER,1st Serve,42,40.0,Left,9.033315789473685,8.043315789473683,16.037999999999993,22.32,15.245812409002003,28.49186700820479,145.0483075757576,479.9839199999998,5.273052631578948,9.11842105263158,9.720000000000002,23.957999999999995,14.306590324027901,28.617497538338363,174.37609551396318,800.5499999999996,125.68017045345498,128.0399232729778,73.83256205300799,100.0,49.45321992709599,3.3371944412173296,21.537455177915874,24.400768633897876,77.4042051980857,77.4042051980857,83.67690366007572,100.0,84.93317132442284,0.0,0.0,0.0,208.56640232471696,74.96962332928311,79.85948477751757,0.0,0.0,0.0,1,0,1,0,0.38553888,-0.22892225,0.22892225,-0.02591865847199761,0.02591865847199761,-0.2242754340171814
157,ALCARAZ,SINNER,4,WINNER,2nd Serve,42,30.0,Right,5.67974025974026,5.152597402597403,13.931999999999997,14.4,9.49507773134373,17.453427508435478,67.18034584253128,193.31,4.487727272727273,6.747467532467532,10.440000000000001,18.503999999999994,11.388132835297373,21.564690711340265,114.11460632818248,370.2499999999999,123.10044569232159,123.10044569232159,80.39545645771982,100.0,4.738760631834751,0.0,0.0,0.0,116.81253545783137,116.81253545783137,64.07236011779554,0.0,74.48359659781289,0.0,0.0,0.0,166.88909789164077,53.82746051032807,55.503512880562056,0.0,0.0,0.0,2,1,1,0,0.15262114,-0.6947577,0.6947577,-0.15968646677088708,0.15968646677088708,-0.30249871015548707
158,ALCARAZ,SINNER,7,ERROR,1st Serve,56,30.0,Left,7.818264058679706,5.288288508557457,20.37599999999999,16.77599999999999,12.070182420264583,27.405553843278955,126.69786124794746,524.7003124999999,6.19874816625917,8.180757946210269,14.040000000000003,21.240000000000002,14.761104158233051,26.94070039831143,138.77802254378764,497.6250000000001,102.16574672629727,110.24207821187265,84.81278923012201,100.0,40.461725394896725,11.42165752112154,23.976780211878722,18.90200387132934,140.0646986905526,146.78347793321797,63.23096339924274,100.0,85.17618469015795,9.501788727568188,9.162342810494598,14.777930299402932,179.29102626086723,82.26002430133657,72.52146760343481,0.0,0.0,0.0,1,0,1,0,0.04973743,-0.90052515,0.90052515,-0.30785420395336377,0.30785420395336377,-0.30053857564926145
159,ALCARAZ,SINNER,9,ERROR,1st Serve,60,30.0,Right,6.793112582781457,4.821920529801324,15.48,13.32,10.48805125252229,20.131282471145582,86.14970802469135,333.28099999999995,5.14523178807947,6.790132450331125,14.040000000000001,19.0368,13.097743639526797,25.360803586803584,123.10772561728395,519.0499999999996,142.49302396932202,155.47531156619263,76.86159023979806,100.0,32.26002430133657,14.69113194984085,13.37017951446747,13.315380679633618,120.60646646882451,158.31307095746678,69.96213714766513,66.66666666666666,58.76873228027542,37.63792015818871,13.535507979673257,15.450631045294973,229.27385596406006,25.15188335358445,81.4207650273224,0.0,0.0,0.0,1,1,1,0,0.871018,0.742036,-0.742036,-0.09787616616409196,0.09787616616409196,-0.21525911688804628
160,SINNER,SINNER,6,ERROR,1st Serve,57,30.0,Right,8.185771812080537,6.9164093959731545,16.25399999999999,17.28,15.02306612710533,23.504084159798246,138.40840881355933,492.41400000000016,7.996912751677852,4.0646979865771815,15.120000000000001,10.493999999999993,10.586154870557737,16.647877185139464,63.174994114877585,217.70000000000013,123.7364749240295,128.5382679671043,69.87799747580985,100.0,33.41433778857837,6.790760845225181,9.400325740637314,7.904474346192268,122.8693090565624,144.86185186263916,67.8165755153555,100.0,74.726609963548,31.102152307424582,12.91057396024239,17.527312680687203,0.0,0.0,0.0,213.19955000410707,8.869987849331713,82.66978922716628,1,1,0,0,0.09141244,-0.81717515,0.81717515,-0.24173596291479563,0.24173596291479563,-0.21245974600315093
161,SINNER,SINNER,2,RETURN WINNER,2nd Serve,47,30.0,Left,1.6170676691729324,10.127368421052633,3.2399999999999998,20.19342857142857,15.87149318795942,45.82390771071802,173.5954410430839,667.9808571428564,5.041578947368421,2.6557894736842105,14.399999999999999,6.214499999999999,7.02585132366611,15.497554976491092,29.142906746031738,124.52499999999993,0.0,0.0,0.0,0.0,0.0,0.0,0.0,0.0,0.0,0.0,0.0,100.0,0.0,0.0,0.0,0.0,0.0,0.0,0.0,185.59913466621222,54.07047387606318,92.66198282591725,2,0,0,0,0.0066771614,-0.9866457,0.9866457,-0.3907179100413104,0.3907179100413104,-0.22018252909183503
162,SINNER,ALCARAZ,3,ERROR,2nd Serve,47,30.0,Right,4.541678571428571,10.106250000000001,10.961999999999996,22.283999999999992,20.87472669476318,41.2422471527777,243.97010749235477,856.1279999999998,5.822946428571429,5.825892857142857,12.239999999999998,20.5875,12.67591275247537,28.05707795937592,130.9740379714577,676.2999999999997,0.0,0.0,0.0,0.0,0.0,0.0,0.0,0.0,172.9816995124165,172.9816995124165,95.20403870424904,100.0,10.814094775212636,0.0,0.0,0.0,0.0,0.0,0.0,149.86034511953736,21.506682867557718,70.02341920374707,2,1,0,1,0.9930748,0.98614955,-0.98614955,-0.11534441813619588,0.11534441813619588,-0.14247768819332124
163,SINNER,ALCARAZ,12,WINNER,1st Serve,47,30.0,Left,6.385095367847411,8.241294277929157,18.360000000000003,21.6,16.222749340949093,36.12232664151119,185.76291952439894,703.3000000000002,6.856594005449591,5.001621253405995,15.48,15.60600000000001,10.466049231815523,23.44296888315816,78.69315007979937,333.0,127.79986221340206,146.73842555744565,74.71602860748843,60.0,61.96840826245443,34.754682565079754,13.902240229537936,13.436243933685624,116.9555535567302,152.97772407943228,71.64493058477072,100.0,53.462940461725395,23.67871870930838,11.669538540074187,29.673414678895824,0.0,0.0,0.0,218.1609789411934,82.01701093560145,77.51756440281031,1,0,0,1,0.9444937,0.8889874,-0.8889874,0.08552194988893255,-0.08552194988893255,-0.14648337066173553
164,SINNER,SINNER,8,ERROR,2nd Serve,57,30.0,Right,5.867244655581947,8.712541567695963,15.696,22.32,16.077465875608134,36.00778237031843,198.52404946836788,858.3119999999996,7.171638954869359,4.50206650831354,16.2,14.760000000000002,10.79182648621179,19.527502265776228,84.31365048511431,268.3874999999998,121.28235600316252,138.28860781841948,75.20684335997755,66.66666666666666,50.34426893479141,15.3528994466229,25.52863830887782,42.81543336463441,152.91816429827705,167.50229549251424,79.13336137989062,100.0,66.70716889428918,14.143132765356352,10.969180303059163,28.00353424837917,0.0,0.0,0.0,145.61279085678595,34.143377885783714,70.02341920374707,2,1,0,0,0.08347829,-0.83304346,0.83304346,-0.09819113130436988,0.09819113130436988,-0.231127467751503
165,SINNER,ALCARAZ,3,ERROR,1st Serve,52,30.0,Left,2.241979591836735,7.876836734693877,9.413999999999998,24.21719999999999,13.02898032135332,30.40926013135118,161.48435789473683,675.9999999999999,5.369693877551021,2.6366326530612247,13.014,7.253999999999997,7.699804251538485,13.578982141363367,42.82465277777778,127.77499999999999,0.0,0.0,0.0,0.0,0.0,0.0,0.0,0.0,138.89362352462774,138.89362352462774,50.189314261674376,100.0,27.095990279465372,0.0,0.0,0.0,0.0,0.0,0.0,217.55956322765513,28.797083839611176,75.64402810304449,1,0,0,1,0.96181226,0.9236245,-0.9236245,0.10617199806319425,-0.10617199806319425,-0.13536716103553773
166,SINNER,ALCARAZ,5,WINNER,2nd Serve,57,30.0,Right,2.4627679782903664,5.545644504748983,9.72,17.495999999999988,9.788172805096723,27.415263137489603,93.74001665152892,413.81600000000026,3.63932157394844,3.753744911804614,11.879999999999999,13.031999999999977,7.349707306677542,20.146340641945454,68.51095831441114,315.20078125000003,123.87643761237364,149.01120725490335,60.95919225915019,100.0,13.973268529769138,35.54593211558908,34.031559010408515,10.653856727476539,167.8928517677386,172.37452706172303,89.14598233066891,100.0,80.92345078979343,6.33804598290524,1.4278975808563048,22.85424104442547,0.0,0.0,0.0,0.08125000168033485,0.0,0.0,2,1,0,1,0.89668226,0.7933645,-0.7933645,0.2436105034188175,-0.2436105034188175,-0.14423715472221374
167,SINNER,ALCARAZ,5,ERROR,1st Serve,65,40.0,Right,7.425142857142856,9.305333333333335,17.28,22.175999999999988,17.76210841143523,34.738948002778805,212.69873707891568,771.0559999999995,6.2212,4.179333333333334,13.680000000000001,12.311999999999975,9.371469093407702,16.925672867482266,56.0963228853854,181.61249999999993,121.13864182551706,121.13864182551706,60.53849389987379,100.0,47.75212636695018,0.0,0.0,0.0,134.79712357190363,147.3889554431201,70.97181320992848,100.0,69.01579586877278,17.807539407396103,2.0228549062130994,20.792204258462274,0.0,0.0,0.0,211.6232230538618,88.82138517618469,85.3239656518345,1,1,0,1,0.9882256,0.97645116,-0.97645116,0.39017863443976625,-0.39017863443976625,-0.04619910717010498
168,ALCARAZ,ALCARAZ,3,WINNER,1st Serve,57,50.0,Right,4.621327433628319,10.593716814159293,11.52,25.920000000000005,16.225545577294948,36.52856688406104,209.20855681818185,752.4822499999993,5.736902654867256,4.561327433628319,13.103999999999997,11.303999999999997,9.133844055112318,14.686324433521424,55.61306818181818,146.71875000000003,109.40431196721237,109.40431196721237,35.04417332772402,100.0,48.724179829890645,0.0,0.0,0.0,158.54512303757843,158.54512303757843,77.9554059739167,100.0,92.95261239368166,0.0,0.0,0.0,205.68861414759945,52.12636695018226,78.92271662763466,0.0,0.0,0.0,1,1,1,1,0.9906584,0.9813168,-0.9813168,0.5084062685289861,-0.5084062685289861,0.05235514342784882
169,ALCARAZ,SINNER,3,ERROR,1st Serve,47,60.0,Left,4.600319999999998,5.155920000000001,11.879999999999995,15.767999999999997,27.78101273010142,140.36453862766157,95.67570719954648,478.5495000000001,5.1708,5.491439999999999,13.320000000000002,12.960000000000003,9.439644828603313,15.904418052155481,67.94760359744991,216.22499999999988,123.71009988042238,123.71009988042238,38.241480858224655,100.0,34.38639125151883,0.0,0.0,0.0,0.0,0.0,0.0,100.0,0.0,0.0,0.0,0.0,197.69861322175296,65.24908869987848,102.18579234972678,0.0,0.0,0.0,1,0,1,0,0.031933073,-0.93613386,0.93613386,0.21949824251483885,-0.21949824251483885,0.05210198760032654
170,ALCARAZ,ALCARAZ,4,ERROR,2nd Serve,47,60.0,Right,7.4767682926829275,7.634999999999999,16.560000000000002,22.932,14.805027984934286,27.709829149676523,140.44100069013115,538.2,6.104085365853659,5.549085365853659,14.705999999999998,20.106,10.32487895141453,21.63058989838126,100.93125646997929,401.99999999999994,117.84117952827168,117.84117952827168,74.92637778712663,100.0,59.902794653705946,0.0,0.0,0.0,110.04270787266753,110.04270787266753,68.86832141354648,100.0,55.28554070473876,0.0,0.0,0.0,166.39356296942398,31.713244228432565,82.98204527712724,0.0,0.0,0.0,2,1,1,1,0.68810856,0.37621713,-0.37621713,0.2508420193811338,-0.2508420193811338,0.11543638110160828
171,ALCARAZ,ALCARAZ,6,ERROR,2nd Serve,47,70.0,Left,5.53734693877551,7.951122448979592,17.28,20.88,16.45493285371117,33.01393264908288,181.65068318449948,595.1400000000001,3.6512244897959185,5.244183673469387,9.36,13.32,8.010189035604494,14.385135026963964,48.961656405116464,159.62499999999997,97.96387196076738,113.38687713917919,79.17543121581826,0.0,35.72296476306197,14.657162619140182,28.617447349661695,22.510568246764944,120.84477777717743,155.4898883013722,78.46024400504838,0.0,41.91980558930741,48.99558517323108,28.20097722191195,26.46280541986107,189.3153053979576,4.0097205346294045,90.78844652615145,0.0,0.0,0.0,2,0,1,1,0.9675587,0.93511736,-0.93511736,0.3876970882908568,-0.3876970882908568,0.21010459661483766
173,SINNER,SINNER,4,ERROR,2nd Serve,62,80.0,Right,4.144945054945056,4.96434065934066,10.8,14.003999999999992,8.66729647965417,15.511060928219788,62.63189788950962,179.5039999999999,5.345934065934066,6.841648351648351,13.319999999999999,16.769999999999992,12.63127670010674,22.030177613088988,104.28938741464931,363.8999999999999,176.8845534967354,176.8845534967354,96.38199411022296,100.0,80.31591737545565,0.0,0.0,0.0,119.86369299481716,119.86369299481716,42.36432477913336,100.0,48.48116646415553,0.0,0.0,0.0,0.0,0.0,0.0,145.58645438730883,40.94775212636695,84.3871975019516,2,1,0,0,0.01124482,-0.97751033,0.97751033,0.11465560402044166,-0.11465560402044166,0.11146699190139771
174,SINNER,ALCARAZ,6,ERROR,1st Serve,52,70.0,Left,4.864434782608695,4.854,13.248000000000003,12.24,8.939177574554284,18.174515320034462,70.47703135152696,261.67699999999996,6.193304347826087,6.150086956521738,13.896000000000004,16.488000000000007,12.97479357575814,21.88321157953599,104.9790499106563,365.82499999999965,137.06578849183242,139.68545060052617,79.76440891880523,0.0,45.32199270959903,3.704761682949596,29.926353465446645,1.0310183929816041,104.98216625870981,130.8555429004414,64.8716870004207,0.0,21.263669501822598,36.59048015112407,17.551241098025365,8.93549273917387,92.8902606692706,67.92223572296476,72.73874631888935,0.0,0.0,0.0,1,0,0,1,0.9352928,0.87058556,-0.87058556,0.2658415953760824,-0.2658415953760824,0.10900145173072814
176,SINNER,SINNER,8,WINNER,2nd Serve,52,70.0,Left,4.743147321428572,4.932388392857143,11.160000000000002,13.19399999999999,8.712577482590515,15.268208131015776,63.90540324594257,223.18399999999968,7.231968325791856,6.795067873303168,21.221999999999998,22.64399999999999,15.936375900870543,36.14952829832235,127.59951396798279,504.0749999999996,163.54336227713443,173.017370747742,87.04249053428691,100.0,57.31065208586472,10.298558016680031,4.112528198519124,25.896986251298255,122.59395662831116,136.49075654902347,63.11877717010238,66.66666666666666,28.71607938436614,19.797316389388715,8.579083834636092,6.023268187937236,0.0,0.0,0.0,150.7060176153297,73.99756986634264,79.85948477751757,2,0,0,0,0.014050899,-0.9718982,0.9718982,0.018293636675316517,-0.018293636675316517,0.1051400750875473
177,SINNER,ALCARAZ,3,ERROR,1st Serve,52,60.0,Right,5.472247706422017,7.138486238532109,12.24,19.8,11.787537751537148,22.90752896782893,125.1498242894057,575.6595,4.6336238532110094,6.156605504587157,19.080000000000002,14.093999999999992,10.969989437294489,21.588215484168305,94.34576873385012,301.72499999999985,0.0,0.0,0.0,100.0,0.0,0.0,0.0,0.0,43.09999651388601,43.09999651388601,82.75136726966765,100.0,81.044957472661,0.0,0.0,0.0,0.0,0.0,0.0,224.58902648618255,8.383961117861482,86.57298985167837,1,1,0,1,0.9526052,0.9052104,-0.9052104,0.1956769844974188,-0.1956769844974188,0.10162242949008941
178,SINNER,ALCARAZ,3,ERROR,2nd Serve,57,60.0,Left,3.1937956204379563,6.312262773722628,6.911999999999996,14.255999999999988,8.463824859224205,15.61722488541095,57.68989842454395,141.97011111111107,5.134160583941607,4.758394160583941,23.040000000000003,26.28,7.869724744188634,35.0114178092444,65.47686048922056,379.2812499999993,0.0,0.0,0.0,0.0,0.0,0.0,0.0,0.0,148.08228945159598,148.08228945159598,72.65460664703409,100.0,23.450789793438638,0.0,0.0,0.0,0.0,0.0,0.0,141.42076637090616,57.22964763061968,70.64793130366901,2,0,0,1,0.98721606,0.9744321,-0.9744321,0.3514280097552227,-0.3514280097552227,0.1617901474237442
179,SINNER,SINNER,6,ERROR,2nd Serve,62,60.0,Right,4.216006389776358,4.884345047923323,10.080000000000002,13.32,8.461920081952341,15.470193786283884,60.71360528673835,196.56000000000012,7.100223642172524,4.868817891373803,14.4,18.0,11.97060467824283,28.424352474453908,122.11060707885305,683.5750000000011,160.46113548522163,161.80213005304412,78.50231384097602,100.0,73.99756986634264,1.8964527048832147,2.439325033962849,7.2171287508712085,129.21302467228617,137.26786908253098,60.37021455616323,50.0,26.48845686512758,11.391270207773326,18.562668551131914,33.16442497424147,0.0,0.0,0.0,147.21660890267415,30.498177399756987,87.66588602654176,2,1,0,0,0.089123644,-0.8217527,0.8217527,0.11679186239783657,-0.11679186239783657,0.15544039607048035
180,SINNER,ALCARAZ,6,WINNER,2nd Serve,57,60.0,Right,3.7519002695417796,9.37487870619946,10.440000000000001,24.84,12.488048820711215,30.161438149011644,128.44689072875076,496.9052399999997,5.777142857142858,9.577762803234501,17.28,23.729999999999997,15.422917643111973,32.1673634109151,143.00775824652777,534.4125,80.29956102116944,118.89658744718636,50.567942785023135,100.0,44.8359659781288,54.58443823894589,28.855430279804427,16.496294287705606,79.25477405285903,137.9546416097135,63.3992427429533,100.0,51.72134467395707,50.945207160498924,39.74493060327324,13.489613341865448,0.0,0.0,0.0,159.65563714969397,3.766707168894289,97.0335675253708,2,1,0,1,0.97593313,0.95186627,-0.95186627,0.28380674374059595,-0.28380674374059595,0.2480599671602249
181,SINNER,ALCARAZ,3,ERROR,1st Serve,62,60.0,Right,4.250312500000001,8.633750000000001,10.260000000000002,20.340000000000003,12.359492459483574,21.778095920844077,144.32122013142174,559.9359999999984,5.63,7.323125,13.230000000000002,18.090000000000003,13.083788236354204,23.244249069351305,144.22207287933094,688.0999999999999,0.0,0.0,0.0,100.0,0.0,0.0,0.0,0.0,129.62001131957763,129.62001131957763,81.82583087925957,0.0,9.842041312272174,0.0,0.0,0.0,0.0,0.0,0.0,199.61451399013202,58.201701093560146,76.26854020296643,1,1,0,1,0.9773876,0.9547752,-0.9547752,0.4180004378315271,-0.4180004378315271,0.25869692862033844
182,SINNER,ALCARAZ,23,ERROR,1st Serve,70,60.0,Right,5.703542435424355,4.976457564575646,13.680000000000001,14.867999999999984,9.760209804443875,20.113970479065024,82.07260550213675,345.4230000000002,5.956671586715868,7.0790922509225105,14.040000000000001,19.08,13.736176911324822,24.268996353288507,135.58788132807365,506.7250000000001,139.32611208624894,162.94405840579324,73.58014303744216,100.0,50.83029566626164,16.265392426700114,17.64422159619489,15.451427317709795,110.97824797321924,131.17060614426126,65.57157608903508,100.0,49.21020656136088,15.947235690059182,15.227552073467383,20.263876092002494,0.0,0.0,0.0,205.74757731140264,6.682867557715674,72.52146760343481,1,1,0,1,0.8879401,0.7758802,-0.7758802,0.48957639377565876,-0.48957639377565876,0.33834969699382783
183,ALCARAZ,SINNER,4,WINNER,1st Serve,67,60.0,Right,6.170224719101122,8.165730337078651,12.959999999999999,26.694,13.050590130267981,30.03574405848597,184.8236,845.9619999999995,4.0220224719101125,8.969157303370787,8.694000000000003,20.73600000000001,13.946750346417314,27.734671478927577,160.22544642857142,756.602083333333,141.75804756238523,155.40378826541635,91.58603281447202,100.0,44.835965978128804,19.297991570853206,0.4759658602854416,57.049684411648556,59.5588980251449,59.5588980251449,42.70088346655448,100.0,50.66828675577156,0.0,0.0,0.0,217.16157181934264,22.721749696233292,91.72521467603435,0.0,0.0,0.0,1,1,1,0,0.023577647,-0.9528447,0.9528447,0.20109217914940267,-0.20109217914940267,0.3400397479534149
184,ALCARAZ,ALCARAZ,3,WINNER,1st Serve,67,60.0,Left,6.039489795918367,6.034285714285715,13.373999999999995,21.09599999999999,10.213115912749476,22.380099601725732,98.03927192982458,439.58525000000003,5.508367346938775,7.20765306122449,11.573999999999996,21.860999999999997,13.651407364435165,27.445383317137065,162.6000365497076,653.6854166666665,129.3006016878811,129.3006016878811,58.09844341607068,100.0,19.562575941676794,0.0,0.0,0.0,124.66551389798146,124.66551389798146,88.47286495582667,100.0,85.41919805589308,0.0,0.0,0.0,212.79596607968813,77.15674362089915,73.14597970335676,0.0,0.0,0.0,1,0,1,1,0.9765978,0.9531956,-0.9531956,0.351512857699405,-0.351512857699405,0.338392049074173
185,ALCARAZ,ALCARAZ,10,ERROR,1st Serve,57,60.0,Right,6.561341911764706,4.391194852941177,13.98600000000001,13.320000000000002,10.167540323597121,19.394225624588422,83.1013352331074,313.55999999999995,5.31860294117647,6.957408088235295,11.880000000000004,17.946000000000012,12.330540327627874,22.739230661816872,128.91964789997945,471.2499999999997,137.886465158237,156.70294746862794,73.34875893984014,100.0,45.6865127582017,14.676660531313928,18.91183017966157,15.826993667541455,117.45262928671748,137.38689123697117,71.24526714345814,100.0,64.88456865127583,19.446472321218238,14.289941123928363,20.987971414868923,212.2308540487042,30.498177399756987,83.4504293520687,0.0,0.0,0.0,1,1,1,1,0.97593325,0.9518665,-0.9518665,0.4715835876655666,-0.4715835876655666,0.34153600335121154
186,ALCARAZ,SINNER,5,ERROR,1st Serve,57,70.0,Left,4.893717948717948,5.157820512820512,15.605999999999998,13.823999999999995,9.310858570515919,18.85654667158493,77.39521705146706,302.12,4.4496153846153845,8.867179487179488,13.445999999999996,25.2,13.556031482150152,27.91140694102866,164.129273989899,666.2187500000002,127.412823660194,141.34914763356414,85.61211611274716,100.0,40.21871202916161,19.708938372765367,12.613095297563985,34.36727976605335,106.63788829772604,106.63788829772604,53.72318047959613,100.0,25.15188335358445,0.0,0.0,0.0,207.24625342393387,2.7946537059538272,72.8337236533958,0.0,0.0,0.0,1,0,1,0,0.009673085,-0.9806538,0.9806538,0.18113610564804766,-0.18113610564804766,0.33415548503398895
187,ALCARAZ,ALCARAZ,3,WINNER,1st Serve,67,70.0,Right,7.089928057553958,3.8908273381294958,18.396,12.995999999999995,9.835694540269815,24.48667455750516,113.26582899305558,375.96,2.1602158273381296,8.336330935251798,5.435999999999998,21.743999999999993,11.914388378604919,29.925439294746088,133.19979319852942,759.4791666666667,63.4143483415438,63.4143483415438,53.80732015145141,100.0,25.880923450789794,0.0,0.0,0.0,144.83831245217075,144.83831245217075,59.19225915018932,100.0,86.39125151883353,0.0,0.0,0.0,211.40823396547088,96.8408262454435,79.85948477751757,0.0,0.0,0.0,1,1,1,1,0.9979656,0.99593115,-0.99593115,0.34409511422424877,-0.34409511422424877,0.33777081668376924
189,SINNER,SINNER,2,RETURN WINNER,1st Serve,72,70.0,Right,2.108108108108108,9.50675675675676,5.183999999999997,25.055999999999997,14.125889668912254,37.34344685936563,199.55414215686278,912.0019999999995,7.399459459459459,3.8781081081081084,23.903999999999982,10.691999999999997,10.850449638617262,25.880504587716526,187.5642361111111,850.9,0.0,0.0,0.0,0.0,0.0,0.0,0.0,0.0,0.0,0.0,0.0,0.0,0.0,0.0,0.0,0.0,0.0,0.0,0.0,206.42381154181385,94.89671931956258,91.72521467603435,1,1,0,0,0.03591871,-0.9281626,0.9281626,0.08964357642578567,-0.08964357642578567,0.25169446170330045
190,SINNER,SINNER,3,WINNER,2nd Serve,62,70.0,Left,2.674666666666667,8.52983333333334,6.857999999999994,22.32,70.20125853055046,372.5288841587825,148.7497559635908,599.6639999999992,4.957833333333334,3.3076666666666674,12.24,19.223999999999954,8.780721157203406,38.77726992862264,80.86886966415568,433.7999999999997,159.12013499272916,159.12013499272916,74.42153975599494,100.0,43.86391251518834,0.0,0.0,0.0,62.99749393902262,62.99749393902262,69.54143878838872,100.0,21.263669501822598,0.0,0.0,0.0,0.0,0.0,0.0,150.02004731237525,80.07290400972053,87.19750195160032,2,0,0,0,0.005772275,-0.9884555,0.9884555,-0.12597623373470723,0.12597623373470723,0.15344913005828859
191,SINNER,SINNER,5,ERROR,2nd Serve,62,60.0,Right,2.4122425032594523,4.876857887874837,11.160000000000002,16.560000000000002,8.939866243866165,21.870724235115002,82.86306456846847,345.3840000000002,3.041264667535849,3.578057366362451,9.719999999999978,14.986799999999977,27.01851917347528,61.21416578847566,60.329438218077364,258.5125000000005,132.3475240103029,151.13535692464356,45.60370214556163,100.0,15.43134872417983,26.570008115060187,13.505531285599183,9.966511132155471,129.02197338308565,129.02197338308565,82.4989482541018,100.0,81.77399756986634,0.0,0.0,0.0,0.0,0.0,0.0,0.06585937722612392,0.0,0.0,2,1,0,0,0.09172452,-0.81655097,0.81655097,-0.2640911810032688,0.2640911810032688,0.06355574131011962
192,SINNER,ALCARAZ,3,ERROR,2nd Serve,62,50.0,Left,2.607923076923077,8.304923076923078,7.92,23.172,12.4758365064761,29.348279360813393,117.75838309273841,443.54844444444313,1.7753076923076925,1.1956153846153847,10.835999999999999,6.12,2.527685026289907,13.595772935141097,9.357966972878392,85.64999999999992,0.0,0.0,0.0,100.0,0.0,0.0,0.0,0.0,143.45073211122397,143.45073211122397,68.19520403870425,100.0,50.18226002430134,0.0,0.0,0.0,0.0,0.0,0.0,153.40849458949836,65.97812879708384,62.37314597970336,2,0,0,1,0.9729839,0.9459678,-0.9459678,-0.022079386109682835,0.022079386109682835,0.15766082406044007
193,SINNER,SINNER,5,WINNER,2nd Serve,62,50.0,Right,3.7277011494252883,7.766206896551725,10.079999999999998,22.68,14.38630740262391,38.568036793611824,178.59370047372957,759.6289999999985,6.523793103448276,4.275402298850575,11.16,12.240000000000002,9.611743815786848,17.63144528044341,68.85431470714902,302.4875,125.73332778210346,133.04198650268413,92.51156920488009,100.0,60.99635479951397,10.336004285401572,4.045709812426188,38.66318973681001,132.90454980587674,145.37112842437338,72.1497686159024,100.0,41.19076549210207,17.63040455866841,19.633591736774136,18.558331073668803,0.0,0.0,0.0,136.9970072873455,11.300121506682867,66.58860265417643,2,1,0,0,0.46671247,-0.06657505,0.06657505,-0.03097851895854705,0.03097851895854705,0.1355212152004242
196,ALCARAZ,SINNER,1,Ace,2nd Serve,62,40.0,Right,1.8,1.8,1.8,1.8,2.545584412271571,2.545584412271571,0.0,0.0,1.8,0.0,1.8,0.0,1.8,1.8,0.0,0.0,0.0,0.0,0.0,0.0,0.0,0.0,0.0,0.0,0.0,0.0,0.0,0.0,0.0,0.0,0.0,0.0,62.7481901192828,3.766707168894289,176.81498829039813,0.0,0.0,0.0,2,1,1,0,0.056416936,-0.88716614,0.88716614,-0.20221604365957452,0.20221604365957452,0.044407039880752563
197,ALCARAZ,ALCARAZ,3,WINNER,2nd Serve,76,40.0,Left,3.9149999999999996,9.341938775510204,10.440000000000001,19.8,14.988396450652479,27.997725821742673,178.21171637426903,646.282,4.663775510204082,5.422346938775512,9.36,14.813999999999998,9.210343516491152,18.270994155676302,77.14433479532163,262.27499999999975,112.11615812409215,112.11615812409215,69.70971813209928,100.0,27.33900364520049,0.0,0.0,0.0,135.08430994697179,135.08430994697179,66.25999158603281,100.0,88.82138517618469,0.0,0.0,0.0,157.9403896671833,70.59538274605103,85.16783762685401,0.0,0.0,0.0,2,0,1,1,0.9952879,0.9905758,-0.9905758,0.03634232315339514,-0.03634232315339514,0.14281134605407714
198,ALCARAZ,ALCARAZ,2,RETURN WINNER,2nd Serve,72,40.0,Right,3.4207142857142854,6.892142857142858,7.2,19.67399999999999,10.624880264989246,21.919286309069445,134.9201851851852,709.8780000000002,4.122142857142857,5.633571428571428,7.1459999999999955,15.767999999999994,10.254435787949484,18.367662820489514,119.93794515669516,519.6750000000002,0.0,0.0,0.0,0.0,0.0,0.0,0.0,0.0,0.0,0.0,0.0,0.0,0.0,0.0,0.0,0.0,153.46532770321414,33.171324422843256,103.43481654957066,0.0,0.0,0.0,2,1,1,1,0.97076213,0.94152427,-0.94152427,0.21737871196204725,-0.21737871196204725,0.14635828137397766
199,ALCARAZ,ALCARAZ,3,WINNER,1st Serve,67,40.0,Left,7.494424778761061,9.288053097345133,20.304,24.383999999999997,21.22506901943328,55.24657349826577,286.8738068181819,1418.9370000000004,2.9222123893805314,4.708141592920354,7.343999999999998,13.823999999999998,6.988403733462823,15.411535734598896,46.86682449494949,202.23749999999993,116.04740505208544,116.04740505208544,69.37315944467817,100.0,12.27217496962333,0.0,0.0,0.0,134.84265293424218,134.84265293424218,61.548169962137145,100.0,70.1093560145808,0.0,0.0,0.0,204.8793574417139,86.63426488456865,85.79234972677595,0.0,0.0,0.0,1,0,1,1,0.99175394,0.9835079,-0.9835079,0.37060454389519937,-0.37060454389519937,0.24412858486175537
200,SINNER,SINNER,1,Ace,1st Serve,77,50.0,Right,1.8,1.8,1.8,1.8,2.545584412271571,2.545584412271571,0.0,0.0,5.4,12.600000000000001,5.4,12.600000000000001,13.708391590555037,13.708391590555037,0.0,0.0,0.0,0.0,0.0,0.0,0.0,0.0,0.0,0.0,0.0,0.0,0.0,0.0,0.0,0.0,0.0,0.0,0.0,0.0,0.0,0.0,0.0,0.0,1,1,0,0,0.027474761,-0.9450505,0.9450505,0.10747353951984596,-0.10747353951984596,0.15161554217338563
201,SINNER,SINNER,2,RETURN WINNER,1st Serve,67,50.0,Left,1.8776470588235292,9.024705882352942,3.523499999999999,17.36999999999999,18.532619364000862,49.24458992881802,226.78301971326164,822.5027777777777,3.225882352941177,10.362352941176473,10.331999999999999,23.309999999999995,13.766218226736386,23.33894121945714,172.32778897849462,532.3749999999998,0.0,0.0,0.0,0.0,0.0,0.0,0.0,0.0,0.0,0.0,0.0,100.0,0.0,0.0,0.0,0.0,0.0,0.0,0.0,210.8191424818228,79.82989064398542,94.06713505074161,1,0,0,0,0.061455704,-0.8770886,0.8770886,-0.08943888965563819,0.08943888965563819,0.059039506316185
202,SINNER,SINNER,4,ERROR,1st Serve,67,50.0,Right,4.2569822485207105,7.1735502958579875,8.280000000000001,18.720000000000002,11.653189595056757,25.524475039037352,149.14100987282467,661.48875,7.083550295857988,7.22378698224852,14.040000000000001,23.04,13.953667262342503,24.522345649311834,124.00454944779116,438.2499999999999,130.25038625662555,130.25038625662555,54.816996213714766,100.0,31.95625759416768,0.0,0.0,0.0,90.54822196044292,90.54822196044292,67.26966764829618,50.0,47.75212636695018,0.0,0.0,0.0,0.0,0.0,0.0,207.36978583565954,12.75820170109356,87.19750195160032,1,1,0,0,0.008605091,-0.9827898,0.9827898,-0.26810907461895034,0.26810907461895034,0.05098765194416046
203,SINNER,ALCARAZ,2,RETURN WINNER,2nd Serve,67,40.0,Left,1.7894117647058825,7.681764705882355,3.9915,18.99,10.661380404525426,19.1107017026524,191.60450716845878,812.4999999999999,3.712058823529412,8.744117647058824,10.804499999999996,19.817999999999998,13.210696320851747,20.003585690822224,160.01573700716847,456.4999999999999,0.0,0.0,0.0,0.0,0.0,0.0,0.0,0.0,0.0,0.0,0.0,100.0,0.0,0.0,0.0,0.0,0.0,0.0,0.0,203.5506773872355,83.47509113001215,113.42701014832161,2,0,0,1,0.797731,0.59546196,-0.59546196,-0.09539486677371248,0.09539486677371248,0.033167436718940735
204,SINNER,SINNER,1,Ace,1st Serve,67,50.0,Right,3.6,3.6,3.6,3.6,5.091168824543142,5.091168824543142,0.0,0.0,0.0,1.8,0.0,1.8,1.8,1.8,0.0,0.0,0.0,0.0,0.0,0.0,0.0,0.0,0.0,0.0,0.0,0.0,0.0,0.0,0.0,0.0,0.0,0.0,0.0,0.0,0.0,216.09499817462122,6.1968408262454435,96.56518345042934,1,1,0,0,0.18918061,-0.6216388,0.6216388,-0.20064364839333526,0.20064364839333526,-0.04565326273441315
205,ALCARAZ,ALCARAZ,6,WINNER,2nd Serve,77,40.0,Right,7.2589147286821705,8.357906976744186,16.451999999999995,22.780800000000003,14.149051167714942,29.082141876406148,157.708956640625,581.8019999999997,4.820542635658915,9.020232558139536,11.88,26.104695652173913,13.172285795548747,29.95932142803046,111.9139067990301,456.0624999999995,49.056058984731266,60.52837375247572,62.347496844762304,0.0,86.63426488456865,16.22430313635735,27.665515629090837,17.183639883026654,75.50212225969697,88.74494831894776,50.44173327724022,0.0,77.39975698663426,21.988312384059512,37.839285892691976,10.310183929816011,0.0,0.0,0.0,83.50696465591001,43.620899149453216,55.574253260412284,2,1,1,1,0.98609596,0.97219193,-0.97219193,0.0339234672487718,-0.0339234672487718,-0.03583767712116241
206,ALCARAZ,SINNER,8,WINNER,2nd Serve,67,50.0,Left,6.94272952853598,5.107146401985111,17.28,13.680000000000001,10.358353588692855,20.098510080678363,72.47463888888889,237.49699999999999,6.46846153846154,7.326253101736973,13.320000000000002,22.68,14.131529673721094,29.119223671455295,155.25618055555557,705.4124999999995,135.69836102839318,161.1885490666419,78.96508203618006,0.0,67.37545565006076,25.46062459889819,13.918610930269734,18.37109789656684,113.67514012076369,120.82337649817258,71.42055812648998,0.0,63.06196840826245,7.86715885468899,8.190699226085227,9.708376357442617,167.61888842109144,83.71810449574727,82.20140515222482,0.0,0.0,0.0,2,0,1,0,0.042465076,-0.9150698,0.9150698,-0.15587518990032345,0.15587518990032345,-0.03394893407821655
207,ALCARAZ,SINNER,9,WINNER,1st Serve,67,50.0,Right,6.481692307692308,4.868923076923077,15.677999999999983,12.959999999999999,10.315328351629471,18.342544829950935,79.43054120011483,295.77599999999984,6.30623076923077,7.479000000000001,17.117999999999984,22.319999999999997,14.069273429986143,29.712412991764673,145.09220907893734,593.3999999999999,114.54289091268829,130.95912083241902,72.62656008974898,100.0,50.263264479546386,14.235889890779179,7.6030487168060255,23.38027706113686,143.67704815681785,185.3814444101957,76.94572991165334,50.0,57.472660996354804,41.714321722458486,22.251403968344025,23.71342303857681,220.11241420932086,34.38639125151883,84.23106947697111,0.0,0.0,0.0,1,1,1,0,0.04691963,-0.9061607,0.9061607,-0.30593229436868413,0.30593229436868413,-0.1269167482852936
208,ALCARAZ,ALCARAZ,6,ERROR,2nd Serve,81,40.0,Left,5.583633217993079,4.068788927335641,12.959999999999999,10.080000000000002,8.488619647523576,17.00908569944816,60.04131944444445,195.2599999999999,3.83159169550173,6.496712802768166,12.455999999999987,19.151999999999976,11.105833705396677,23.38455886294566,90.89277996309247,340.62500000000006,136.11446088823328,154.36092385079252,85.52797644089188,100.0,58.20170109356014,25.80439538698964,6.663522043996072,25.088114229218935,92.63368742184568,101.295175056038,77.49263777871266,50.0,49.69623329283111,12.249193282601631,25.404677792735022,20.964040657292546,173.35744394857383,42.891859052247874,61.904761904761905,0.0,0.0,0.0,2,0,1,1,0.59949154,0.19898307,-0.19898307,-0.20494922084803566,0.20494922084803566,-0.1645609200000763
209,ALCARAZ,SINNER,5,ERROR,1st Serve,77,40.0,Right,4.1738976377952755,10.283267716535434,13.085999999999997,25.995600000000003,13.732158810400813,30.05917452565828,147.66233432934928,589.6800000000001,3.7129133858267718,5.9203937007874,17.171999999999993,18.017999999999994,10.98550789440065,25.316326337153573,125.06906402169102,537.5,113.51323766119694,130.12917572283106,69.03660075725705,100.0,48.23815309842042,23.498484958314307,6.068564718639287,54.64397482802482,50.55152825346045,50.55152825346045,33.69793857803954,50.0,55.04252733900364,0.0,0.0,0.0,212.1001458216469,62.575941676792226,85.3239656518345,0.0,0.0,0.0,1,1,1,0,0.010947277,-0.9781054,0.9781054,-0.35958046184535974,0.35958046184535974,-0.1644335001707077
210,ALCARAZ,SINNER,1,Ace,2nd Serve,85,30.0,Left,0.0,14.4,0.0,14.4,14.4,14.4,0.0,0.0,1.8,5.4,1.8,5.4,5.692099788303083,5.692099788303083,0.0,0.0,0.0,0.0,0.0,0.0,0.0,0.0,0.0,0.0,0.0,0.0,0.0,0.0,0.0,0.0,0.0,0.0,208.84479051062456,6.682867557715674,75.17564402810304,0.0,0.0,0.0,2,0,1,0,0.1425403,-0.7149194,0.7149194,-0.43064824713513183,0.43064824713513183,-0.24997602701187133
211,SINNER,ALCARAZ,3,ERROR,1st Serve,82,30.0,Right,4.393928571428571,10.28705357142857,10.440000000000001,24.63479999999999,18.310810286521072,35.53318463596312,264.40798129459733,1202.4230399999997,7.790357142857142,5.7334821428571425,13.481999999999996,14.45399999999997,11.848228659944331,20.663503221454448,84.25141755861365,202.34999999999982,0.0,0.0,0.0,100.0,0.0,0.0,0.0,0.0,106.0992722791995,106.0992722791995,74.84223811527136,100.0,61.360874848116644,0.0,0.0,0.0,0.0,0.0,0.0,201.64443893645722,92.2235722964763,95.31615925058547,1,1,0,1,0.9825753,0.9651506,-0.9651506,-0.15148847876584468,0.15148847876584468,-0.15531036853790284
212,SINNER,ALCARAZ,6,WINNER,1st Serve,82,40.0,Left,2.6912316602316606,8.213675675675674,7.5600000000000005,23.466,13.380443007681055,33.59085523162345,150.92120591129276,618.3579999999998,6.623513513513513,6.480972972972973,13.878000000000005,24.252000000000002,11.936607329115793,28.901904409133618,123.27904007720257,558.6499999999999,98.03651163436844,149.92137181957085,70.8876735380732,50.0,62.9404617253949,73.37627295574507,22.489386898486746,26.29096902103081,93.28409679251399,126.88192922914133,85.14934791754312,100.0,60.6318347509113,31.726522709437425,12.672591030099678,27.837496610503212,0.0,0.0,0.0,210.34394241789008,97.81287970838396,93.1303669008587,1,0,0,1,0.93369466,0.8673893,-0.8673893,0.05228708125276622,-0.05228708125276622,-0.06251812875270843
213,SINNER,ALCARAZ,8,WINNER,2nd Serve,86,50.0,Right,6.4387847222222225,8.251840277777777,17.28,21.041999999999998,16.662117654008714,39.16951110583097,198.3245963804714,843.2319999999988,7.753680555555555,4.509513888888889,15.84,14.4,11.341827150062569,20.51021708707734,87.39015691099026,295.1999999999996,131.99648850704753,157.63756810024856,68.64394895526574,33.33333333333333,45.24098825435399,22.418286399488725,7.242531297751539,24.467636734393615,136.47423119387042,146.585774506809,62.64198569625578,100.0,62.758201701093554,10.020600266171753,11.512283320360316,42.04874482746279,0.0,0.0,0.0,157.6486647166391,74.24058323207777,70.33567525370805,2,1,0,1,0.93474823,0.86949646,-0.86949646,0.21572895794807487,-0.21572895794807487,0.021784242987632752
216,ALCARAZ,ALCARAZ,4,ERROR,1st Serve,52,50.0,Left,5.036458333333333,8.070833333333333,12.491999999999994,23.292,15.435979677886552,40.670323273788945,190.52744680851066,854.6199999999998,4.007708333333333,4.830625,8.64,11.88,8.403517681949804,16.368259707159893,73.62002561071711,192.49999999999997,118.30488167479687,118.30488167479687,57.76188472864956,0.0,39.48967193195625,0.0,0.0,0.0,113.96783872374529,113.96783872374529,66.00757257046698,0.0,45.808019441069256,0.0,0.0,0.0,168.10019000031664,80.55893074119076,89.07103825136612,0.0,0.0,0.0,1,0,1,1,0.882613,0.765226,-0.765226,0.32562836766003467,-0.32562836766003467,0.012747153639793396
217,ALCARAZ,ALCARAZ,4,ERROR,2nd Serve,42,60.0,Right,5.366883116883117,8.976038961038963,14.886,22.32,14.211389748748063,25.753441418818657,176.3924107799853,651.8200000000002,4.987987012987013,4.338116883116883,10.440000000000001,14.165999999999999,8.696098144931328,16.99387280654097,67.34594600809419,192.75,112.10247201807798,112.10247201807798,69.37315944467817,50.0,3.523693803159174,0.0,0.0,0.0,119.59829615914134,119.59829615914134,54.31215818258309,100.0,73.99756986634264,0.0,0.0,0.0,166.97645767830792,33.41433778857837,73.45823575331772,0.0,0.0,0.0,2,1,1,1,0.9647969,0.9295938,-0.9295938,0.4464214544277104,-0.4464214544277104,0.06255559623241425
218,ALCARAZ,ALCARAZ,8,ERROR,1st Serve,42,70.0,Left,5.358790588235294,7.170776470588237,15.12,19.72799999999998,16.084597481811382,39.73135234814265,144.69554909619455,605.0720000000001,5.354823529411765,4.1724,11.087999999999983,11.16,8.345780304143018,14.175240873212864,47.97746758162191,167.41249999999997,112.99940493503398,119.52597242681662,64.46501191978685,0.0,53.82746051032806,7.210409651288664,6.093207358723032,7.097488148972168,141.79116557771178,171.25105051016553,79.32968728088628,100.0,63.71000405022276,29.62392678621068,22.609369937355805,11.073341623353615,192.19751195659407,65.49210206561361,85.79234972677595,0.0,0.0,0.0,1,0,1,1,0.9920461,0.98409224,-0.98409224,0.5539556106552056,-0.5539556106552056,0.15611851513385772
219,ALCARAZ,SINNER,5,ERROR,2nd Serve,42,70.0,Right,6.969818181818183,7.304318181818182,15.48,17.657999999999994,14.888511944717838,24.76783793603494,135.76536354326677,431.2879999999999,4.909772727272728,5.380772727272727,12.977999999999993,15.551999999999975,9.326497913209858,20.132372489102124,87.9980958781362,333.30000000000007,119.77216089704697,126.76539827619393,51.70382835506942,0.0,56.622114216281894,9.8899311464841,14.278975808563011,1.8902003871329358,118.18170147224964,118.18170147224964,51.45140933950357,0.0,53.098420413122724,0.0,0.0,0.0,157.09617583217764,26.123936816524907,75.17564402810304,0.0,0.0,0.0,2,1,1,0,0.030166442,-0.9396671,0.9396671,0.2552310673892157,-0.2552310673892157,0.05960637032985687
220,ALCARAZ,SINNER,9,ERROR,1st Serve,47,70.0,Left,6.099338521400779,8.122003891050584,17.28,22.85799999999999,14.253502322952215,29.518082299207347,154.61047194645488,588.25,5.950330739299611,5.197062256809338,13.805999999999989,14.885999999999987,9.909293957880037,18.75874058093297,76.23362075994783,265.0,147.16184016722846,171.50712631265648,85.3386621792175,50.0,55.224787363304976,30.224014115963236,10.46118728518938,22.824613438166548,116.37234495337829,139.86631798319124,68.81222829897631,100.0,48.96719319562576,24.97821643290776,10.375596335107748,12.417483636492067,185.66998869776097,78.37181044957472,76.11241217798595,0.0,0.0,0.0,1,0,1,0,0.05444546,-0.8911091,0.8911091,0.025963032126399353,-0.025963032126399353,-0.032025298476219176
221,ALCARAZ,ALCARAZ,2,RETURN WINNER,2nd Serve,52,70.0,Right,3.678,6.681,8.658,14.435999999999998,10.53051368045447,15.66688485392917,110.43802552552553,429.7799999999997,4.2045,7.27125,8.298,18.161999999999992,11.871891408764675,22.435189293969852,153.66713588588587,527.7999999999998,0.0,0.0,0.0,0.0,0.0,0.0,0.0,0.0,0.0,0.0,0.0,0.0,0.0,0.0,0.0,0.0,162.69953180316787,49.453219927095994,77.82982045277127,0.0,0.0,0.0,2,1,1,1,0.9591422,0.9182844,-0.9182844,0.20442730894086564,-0.20442730894086564,-0.035286471247673035
222,ALCARAZ,ALCARAZ,2,RETURN WINNER,2nd Serve,47,70.0,Right,5.222647058823529,6.489705882352942,11.052,20.538,11.918792652024935,20.69719396011066,146.63027329749104,582.79,3.091764705882353,7.604117647058822,6.371999999999999,15.371999999999998,9.972201838919327,16.26561977464308,109.35125448028671,330.8749999999999,0.0,0.0,0.0,100.0,0.0,0.0,0.0,0.0,0.0,0.0,0.0,0.0,0.0,0.0,0.0,0.0,200.7470954931563,2.551640340218712,82.04527712724435,0.0,0.0,0.0,2,1,1,1,0.97498804,0.9499761,-0.9499761,0.3535370644759958,-0.3535370644759958,0.05946485698223114
223,SINNER,SINNER,7,ERROR,2nd Serve,57,70.0,Right,4.595762195121951,6.6085975609756105,12.83399999999999,17.64,10.046081639192769,19.974970290749447,94.9717,363.3240000000003,9.03283536585366,7.720426829268293,20.160000000000004,21.759,16.430639550771886,33.6491386228464,197.3970405982906,1097.1000000000013,130.6291533509474,151.4634112660077,56.86439489552657,100.0,60.550830295666266,18.390652234359763,19.087717096500278,33.32858394885284,139.71794480995717,143.26706965457603,85.19141775347076,66.66666666666666,60.51032806804375,5.019220489815295,1.6658805109990205,9.451001935664664,0.0,0.0,0.0,154.59724472710965,0.0,0.0,2,1,0,0,0.0872326,-0.8255348,0.8255348,0.11772268746946847,-0.11772268746946847,0.06204254627227783
224,SINNER,SINNER,2,RETURN WINNER,1st Serve,47,60.0,Left,1.548181818181818,7.158181818181819,3.2399999999999998,20.088,9.387881959488514,20.387370897049845,169.2693287037037,641.0299999999999,4.165454545454546,9.49818181818182,10.008,24.048000000000002,14.827827389965623,24.404817541183906,152.07806712962963,431.57638888888897,0.0,0.0,0.0,0.0,0.0,0.0,0.0,0.0,0.0,0.0,0.0,100.0,0.0,0.0,0.0,0.0,0.0,0.0,0.0,211.42739441591547,74.48359659781289,80.95238095238095,1,0,0,0,0.024986953,-0.9500261,0.9500261,-0.09582706900712182,0.09582706900712182,0.06368073225021362
225,SINNER,SINNER,2,RETURN WINNER,1st Serve,47,50.0,Right,3.2310810810810806,9.92189189189189,7.703999999999996,18.287999999999993,12.75812860684001,21.774288582309744,176.35822303921566,563.0039999999996,4.607837837837838,10.081621621621622,13.031999999999998,22.895999999999994,15.113876079341813,22.9826539168366,159.29146241830065,516.3374999999997,0.0,0.0,0.0,0.0,0.0,0.0,0.0,0.0,0.0,0.0,0.0,0.0,0.0,0.0,0.0,0.0,0.0,0.0,0.0,204.2357215610301,87.12029161603888,78.14207650273224,1,1,0,0,0.03812284,-0.92375433,0.92375433,-0.26141252209565113,0.26141252209565113,-0.012280082702636719
226,SINNER,SINNER,5,WINNER,1st Serve,47,50.0,Left,3.2206083650190114,5.339087452471483,7.163999999999992,16.84799999999998,8.09708860033165,17.53673381003298,64.70711805555555,248.10499999999985,6.599429657794677,7.009505703422053,16.2,18.77236363636363,25.366053806963926,106.33374238179228,123.94803950170902,509.38749999999993,145.44414460462525,159.2569969225214,74.63188893563316,100.0,83.59659781287971,19.53432308302541,5.176128730604086,7.045292352040926,95.62347301844761,110.92716497423267,68.95246108540177,100.0,47.87363304981774,21.64268871825126,11.780155042064486,0.17183639883027238,0.0,0.0,0.0,214.03780138642927,82.98906439854193,96.87743950039032,1,0,0,0,0.25580198,-0.48839605,0.48839605,-0.3068092273856884,0.3068092273856884,-0.00561794638633728
227,ALCARAZ,SINNER,2,RETURN WINNER,2nd Serve,57,40.0,Right,3.6482812500000006,4.044140625,12.887999999999986,11.717999999999993,6.72621688008698,23.660179399064102,49.62043317395264,389.74,8.946093750000001,6.0028125,14.760000000000002,16.13249999999999,14.95557585354107,30.148545667311247,135.5600239071038,583.5000000000002,0.0,0.0,0.0,0.0,0.0,0.0,0.0,0.0,0.0,0.0,0.0,0.0,0.0,0.0,0.0,0.0,0.0,0.0,0.0,128.74736582410154,91.49453219927096,75.26293647454774,2,1,1,0,0.5226155,0.045230985,-0.045230985,-0.23640118497098966,0.23640118497098966,-0.051965993642807004
228,ALCARAZ,ALCARAZ,2,RETURN WINNER,1st Serve,57,30.0,Left,0.4378260869565217,2.5795652173913046,0.935999999999998,2.951999999999996,2.9982335071931003,4.511039613489569,11.908569023569022,3.964999999999997,4.487826086956522,6.148695652173913,9.414,12.6,10.31467219488365,17.900753326212115,75.30205702861953,277.31250000000006,0.0,0.0,0.0,0.0,0.0,0.0,0.0,0.0,141.98910778961007,141.98910778961007,45.89819099705511,0.0,72.78250303766707,0.0,0.0,0.0,0.0,0.0,0.0,121.49230187261587,33.65735115431349,52.797644089188054,1,0,1,1,0.90465724,0.8093145,-0.8093145,-0.027258050103866876,0.027258050103866876,0.0342532217502594
229,ALCARAZ,SINNER,10,WINNER,2nd Serve,47,30.0,Right,5.644918918918919,4.695837837837838,16.919999999999998,14.040000000000003,9.279820194024841,21.582376039205663,78.58755787037036,282.77599999999984,3.556972972972973,6.227675675675676,10.440000000000001,16.2,10.839533716989726,22.617877845332426,99.19726122181964,421.9999999999999,137.0968203013437,143.08285739758335,79.87379049221708,100.0,45.224787363304976,5.537050639376407,8.625116681008663,37.24793259277832,117.5144000782038,126.2611855811812,63.10475389145982,75.0,45.443499392466585,14.438922775682117,14.00152568902604,27.830777915805974,177.00620242170916,80.80194410692589,74.23887587822014,0.0,0.0,0.0,2,1,1,0,0.06485318,-0.8702936,0.8702936,-0.1958651635328006,0.1958651635328006,0.03604657649993896
230,ALCARAZ,ALCARAZ,14,ERROR,2nd Serve,61,30.0,Left,6.286270543615677,4.6495828065739575,14.58,12.239999999999998,9.647231547703456,17.92781868522765,69.44173082346306,254.79999999999993,4.6823893805309735,6.825322376738306,14.4,18.0,12.737078705236643,26.97839994420425,127.58680555555556,549.9611111111111,131.69592582784438,158.96232237526445,64.98387322956107,85.71428571428571,36.654515998379914,16.601343394875936,19.095176752544454,17.595017981686233,118.94676256404553,140.46461310041315,67.1294348618707,33.33333333333333,56.581611988659375,12.17119304055231,16.6143506470418,13.797225177572363,165.88625250336,63.79100850546781,89.85167837626854,0.0,0.0,0.0,2,0,1,1,0.96726906,0.9345381,-0.9345381,0.030215494372123845,-0.030215494372123845,0.07282432913780212
231,ALCARAZ,SINNER,11,ERROR,1st Serve,57,40.0,Right,5.1360817717206135,4.882538330494038,12.24,15.668999999999981,8.99674090539335,16.90753060418029,69.13580122716894,236.20999999999995,6.05243611584327,9.106660988074958,16.2,23.642999999999994,17.01932800474789,35.088087723370144,210.66732068112634,925.5375000000003,140.08177851032673,153.19647357254698,71.45982330668912,80.0,46.34264884568652,13.855937503400463,14.837047640629415,36.318670685369604,107.0994083337573,140.68873193841674,76.08329827513673,80.0,41.13001215066829,23.096355454702568,13.67839109922897,37.90145138522282,209.41608784219875,77.64277035236938,88.2903981264637,0.0,0.0,0.0,1,1,1,0,0.07038059,-0.8592388,0.8592388,-0.1476753651796386,0.1476753651796386,0.0787676602602005
232,ALCARAZ,ALCARAZ,3,WINNER,1st Serve,65,30.0,Left,8.703145161290324,5.655967741935484,17.477999999999994,13.626,11.674919212983692,21.29745977068361,81.41378328741966,358.2800000000001,5.447419354838709,8.575887096774192,13.265999999999996,25.811999999999994,13.98817775738144,26.22664786154464,129.2053489439853,485.00000000000006,112.59892315025384,112.59892315025384,46.82372738746319,100.0,81.77399756986634,0.0,0.0,0.0,136.44402074287123,136.44402074287123,98.82204459402608,0.0,67.19319562575942,0.0,0.0,0.0,195.68127782406768,92.2235722964763,68.61826697892272,0.0,0.0,0.0,1,0,1,1,0.9703781,0.9407562,-0.9407562,0.0700109482051051,-0.0700109482051051,0.16155143976211547
233,ALCARAZ,ALCARAZ,4,ERROR,1st Serve,57,30.0,Right,6.740062499999999,4.13925,16.235999999999986,11.177999999999994,9.87692122338295,19.331451905539197,77.90216648973814,293.2337777777777,2.6146875,8.446125,5.4,22.697999999999993,13.329778044845895,31.90061112335312,166.831752034678,767.5624999999982,115.24654646244257,115.24654646244257,57.50946571308372,100.0,8.869987849331713,0.0,0.0,0.0,127.72628272002328,127.72628272002328,63.06268405553218,0.0,57.4726609963548,0.0,0.0,0.0,211.05148189724108,56.50060753341434,83.13817330210773,0.0,0.0,0.0,1,1,1,1,0.99498594,0.9899719,-0.9899719,0.25400313379296596,-0.25400313379296596,0.16279250383377075
234,ALCARAZ,ALCARAZ,2,RETURN WINNER,1st Serve,52,40.0,Right,6.254716981132075,7.133773584905661,16.56,26.568,12.030544026345476,30.120327513919918,180.94624166666668,715.1267499999999,2.6422641509433964,10.005849056603775,7.920000000000001,22.104,12.660374654621686,22.988390212130273,134.4084722222222,492.54999999999944,0.0,0.0,0.0,0.0,0.0,0.0,0.0,0.0,0.0,0.0,0.0,0.0,0.0,0.0,0.0,0.0,199.02410637817798,76.42770352369381,73.61436377829821,0.0,0.0,0.0,1,1,1,1,0.99593097,0.99186194,-0.99186194,0.40157489492042026,-0.40157489492042026,0.16901613473892213
235,SINNER,SINNER,8,ERROR,1st Serve,62,50.0,Right,5.345959910913141,9.253630289532296,12.815999999999988,23.4,15.441639008323232,32.734566970658086,170.1613610338306,613.9250000000001,7.345857461024499,3.984120267260579,15.84,11.88,10.360934261888444,21.495172832619044,69.75283383158946,250.75000000000003,138.37073799943494,143.93083790359452,82.55504136867201,0.0,81.85500202511138,8.732496227733249,14.350521975017132,7.136212066176435,103.57012484963023,141.7448592178879,69.37315944467817,100.0,46.05103280680438,33.79327297523903,16.968074441336256,5.074268048073171,0.0,0.0,0.0,217.3063296160686,12.75820170109356,75.33177205308353,1,1,0,0,0.49230728,-0.015385449,0.015385449,0.3181828261498067,-0.3181828261498067,0.12477203905582428
236,SINNER,SINNER,18,WINNER,2nd Serve,52,50.0,Left,4.55,7.493041362530415,13.32,20.52,14.00682042508246,33.79019930715692,151.96721761693058,593.515,8.000924574209245,3.865206812652069,19.440000000000005,11.520000000000003,49.825437709085264,25.962006291109372,79.8954377650302,297.87499999999983,125.80561924235232,175.434086240777,72.49567615575188,44.44444444444444,69.86634264884569,20.759060429959085,15.368073891564835,11.796165151243983,117.77715900298462,156.96870885312038,72.61854678766753,100.0,47.196667245269914,38.19166494210904,16.629162408774423,25.528633796975456,0.0,0.0,0.0,134.48228509406073,31.713244228432565,85.35969709718132,2,0,0,0,0.2072344,-0.58553123,0.58553123,0.13744001397160313,-0.13744001397160313,0.05723417699337006
237,SINNER,SINNER,4,ERROR,1st Serve,52,50.0,Right,4.647857142857143,7.023131868131868,10.421999999999997,16.901999999999994,12.950232929749136,23.236652770666684,124.83464851024209,406.74399999999997,6.980604395604394,3.232252747252747,17.243999999999996,8.981999999999996,9.026919476554575,18.274994402057896,50.963386483550586,206.04999999999993,137.8688178930014,137.8688178930014,92.25915018931427,0.0,92.70959902794654,0.0,0.0,0.0,82.61936386548693,82.61936386548693,86.2852334875894,0.0,35.358444714459296,0.0,0.0,0.0,0.0,0.0,0.0,215.7805680814999,23.693803159173754,98.90710382513662,1,1,0,0,0.021412801,-0.9571744,0.9571744,-0.08148287289406765,0.08148287289406765,-0.03710423409938812
238,SINNER,ALCARAZ,6,WINNER,1st Serve,52,50.0,Left,6.917295373665481,7.617224199288258,20.880000000000003,21.6,14.792120961021775,33.25232118595936,155.11582100319742,616.3007500000001,4.824128113879004,3.3799644128113884,12.959999999999999,7.920000000000002,7.461508581129214,15.333092484171635,35.81396757593925,155.62499999999972,133.71923665942265,138.98736434343647,70.76146403029028,50.0,46.172539489671934,7.450257619045507,10.173770263601142,4.983255566077734,119.31695348786023,128.8075880958177,64.01626700322535,100.0,71.89145402997165,8.254564022445821,25.244191921518887,22.861776486301387,0.0,0.0,0.0,226.51305582991685,56.25759416767922,98.28259172521467,1,0,0,1,0.97133046,0.9426609,-0.9426609,0.12334588723925033,-0.12334588723925033,-0.0391757994890213
239,SINNER,ALCARAZ,5,ERROR,1st Serve,52,50.0,Right,3.6439603960396036,10.289851485148514,10.781999999999996,24.4755,18.710569804617958,44.93679311711627,212.72765214963707,817.5439999999992,7.4003465346534645,6.109158415841585,15.120000000000001,18.353999999999996,14.309848234295856,37.290347095071155,128.74909268565048,510.55,119.03934148112099,119.03934148112099,80.22717711400925,0.0,75.21263669501823,0.0,0.0,0.0,117.99708244565703,158.57266446181978,34.53933529659234,50.0,12.27217496962333,57.38253838843922,0.0,0.0,0.0,0.0,0.0,209.90678045277255,12.515188335358445,91.56908665105387,1,1,0,1,0.92349535,0.8469907,-0.8469907,0.2680748506986879,-0.2680748506986879,0.05015709102153778
241,ALCARAZ,ALCARAZ,2,RETURN WINNER,1st Serve,62,50.0,Right,7.670526315789476,10.96342105263158,12.600000000000001,25.4475,15.660169740698874,28.786658908283496,140.7837063492063,547.5302083333327,3.3907894736842112,8.706315789473683,6.497999999999999,23.121,13.68415002115633,33.84546425919776,223.5562003968254,819.8312499999996,0.0,0.0,0.0,100.0,0.0,0.0,0.0,0.0,0.0,0.0,0.0,0.0,0.0,0.0,0.0,0.0,204.9766490496091,96.8408262454435,97.81420765027322,0.0,0.0,0.0,1,1,1,1,0.9758883,0.9517766,-0.9517766,0.4048152053041287,-0.4048152053041287,0.14230137765407563
242,ALCARAZ,SINNER,3,ERROR,1st Serve,52,60.0,Left,7.361129032258066,10.480645161290326,17.585999999999995,24.796799999999994,23.187784231471447,42.341269959182455,242.22212698787504,888.7528000000001,4.660887096774193,6.437419354838708,10.025999999999998,15.479999999999999,9.810098657347043,17.230071276327905,84.43458735078053,296.5,116.53127470613632,116.53127470613632,71.729070256626,100.0,51.39732685297691,0.0,0.0,0.0,0.0,0.0,0.0,100.0,0.0,0.0,0.0,0.0,178.2993095770708,81.2879708383961,86.26073380171741,0.0,0.0,0.0,1,0,1,0,0.0199039,-0.9601922,0.9601922,0.13181372353895718,-0.13181372353895718,0.048377546668052676
244,ALCARAZ,ALCARAZ,2,RETURN WINNER,1st Serve,52,50.0,Left,1.735609756097561,8.950975609756098,5.04,23.040000000000003,11.106594964837344,25.964386236334953,181.1666885964912,628.6124722222222,1.8673170731707318,7.42390243902439,5.04,14.76,9.646959622829037,16.085499162879334,99.5312043128655,277.0999999999997,0.0,0.0,0.0,0.0,0.0,0.0,0.0,0.0,0.0,0.0,0.0,0.0,0.0,0.0,0.0,0.0,190.69618941812513,47.02308626974484,100.31225604996096,0.0,0.0,0.0,1,0,1,1,0.91311353,0.82622707,-0.82622707,0.27069639261137823,-0.27069639261137823,0.04219009578227997
245,ALCARAZ,SINNER,2,RETURN WINNER,2nd Serve,52,50.0,Right,4.369159663865546,5.827058823529414,9.0,15.866999999999996,10.329479688619474,18.917682336580242,99.48022749042144,475.995,3.830168067226892,4.151344537815126,7.56,12.311999999999996,7.721268570288683,16.317910369360778,74.01659782088122,283.3125,0.0,0.0,0.0,100.0,0.0,0.0,0.0,0.0,0.0,0.0,0.0,0.0,0.0,0.0,0.0,0.0,52.76705940099565,42.40583232077764,129.5081967213115,0.0,0.0,0.0,2,1,1,0,0.11518689,-0.7696262,0.7696262,0.0626318740492771,-0.0626318740492771,0.04498552680015564
248,SINNER,SINNER,5,WINNER,1st Serve,57,60.0,Left,2.6315966386554623,7.5022689075630264,6.12,19.8,9.625910595952403,20.932889327038595,100.43393086942875,358.35799999999983,7.652689075630253,8.780420168067229,22.32,24.119999999999997,18.03913068397553,40.0767099312907,175.72825957313245,750.3624999999993,179.39169940361376,203.83493312406145,65.67101388304586,100.0,60.38882138517619,34.56795263571247,10.352257461208186,11.341202322797606,48.22949061368525,61.13062842755755,34.7076146403029,50.0,47.75212636695018,18.244964066422593,0.0,0.0,0.0,0.0,0.0,202.09123335401245,92.2235722964763,77.67369242779078,1,0,0,0,0.0054332986,-0.9891334,0.9891334,-0.14772118428184913,0.14772118428184913,0.04303016066551209
249,SINNER,SINNER,8,ERROR,2nd Serve,57,50.0,Right,5.889555035128806,5.562716627634661,16.92,14.040000000000001,10.16546676939085,18.970706362869603,79.68296514675052,272.6619999999999,8.268056206088993,6.652763466042154,15.48,16.92,13.888556061461243,23.80293493100523,109.79139232835429,457.11249999999984,137.2017936446243,148.42284370799834,66.20389847146264,100.0,40.6237343053868,10.329178948034535,18.032082461912275,8.523962995823993,141.68631646231984,167.39443027341147,67.80255223671294,0.0,57.229647630619674,23.11777427966888,14.752142544955555,26.750241945340214,0.0,0.0,0.0,149.00228138787034,26.123936816524907,79.07884465261515,2,1,0,0,0.058858357,-0.8822833,0.8822833,-0.29463360149728723,0.29463360149728723,0.04510371387004852
250,SINNER,SINNER,4,ERROR,1st Serve,57,40.0,Left,4.346274509803922,7.952941176470589,8.784000000000002,20.304000000000006,10.95184053660793,22.54092326092351,117.08777407407406,416.59799999999944,7.916055513114338,9.21811764705882,17.928000000000004,18.296000000000003,74.4295812602141,252.32794772876164,169.2281395567022,667.4949999999981,139.27284083724956,139.27284083724956,69.62557846024401,0.0,61.84690157958688,0.0,0.0,0.0,116.77799207901077,116.77799207901077,40.34497265460665,100.0,39.48967193195625,0.0,0.0,0.0,0.0,0.0,0.0,204.92641874092004,86.63426488456865,93.44262295081968,1,0,0,0,0.007521024,-0.98495793,0.98495793,-0.43269846788301053,0.43269846788301053,0.020275619626045228
251,ALCARAZ,SINNER,9,ERROR,1st Serve,67,40.0,Right,8.090334728033474,4.121610878661088,16.613999999999994,12.6,11.150393478963334,20.75802096311024,83.2217769005848,327.23599999999993,5.3340376569037655,8.291799163179917,12.24,21.261599999999998,15.298337747387455,33.85214169773492,138.4161649958229,501.47812500000015,120.71490606262873,131.7674571663436,84.53933529659236,100.0,49.756986634264884,10.874703241038265,12.797599834188793,37.924816176010474,123.23985460702879,126.48647031057773,75.59949516196887,100.0,68.48926690968004,5.122038984918823,8.429098720315146,8.572323028044343,198.07207443110948,31.95625759416768,87.04137392661983,0.0,0.0,0.0,1,1,1,0,0.019561933,-0.9608761,0.9608761,-0.5383339957495847,0.5383339957495847,-0.030029734969139098
252,ALCARAZ,SINNER,7,WINNER,2nd Serve,67,30.0,Left,5.617749360613811,4.743375959079285,11.520000000000001,15.3,9.073334185820437,20.078861460584807,66.03843177262313,258.88199999999955,8.029104859335039,6.814833759590792,18.180000000000003,16.019999999999996,14.57049671729276,25.13091095046475,128.27443979095074,446.3124999999999,120.576589238397,155.39460701084806,61.29575094657131,0.0,68.16524908869988,52.29003000561362,34.664013101752225,33.20402164558978,93.71364940410403,116.86477747903307,58.57523488991726,0.0,49.29121101660591,21.062085160665948,14.598253273330434,4.910634124334602,0.0,0.0,0.0,142.07925099683717,74.726609963548,72.9911653344552,2,0,1,0,0.01585759,-0.96828485,0.96828485,-0.6243241656701024,0.6243241656701024,-0.11890970170497894
255,SINNER,ALCARAZ,11,ERROR,1st Serve,72,10.0,Right,6.926293245469522,7.921680395387152,17.171999999999976,23.04,15.671708794642871,31.306977830569053,178.73540608903608,736.047,6.602224052718287,4.054892915980231,15.84,10.8,9.605929685354877,18.213444535344276,59.856247700515084,214.50000000000014,131.52905309389752,155.43715694505227,69.01556583929323,100.0,34.44714459295261,20.064812811319356,11.58632610809083,31.991965844577308,127.03437668584493,162.29716865548716,73.96718552797644,80.0,57.08383961117862,29.024345310135132,23.514185790730444,9.56991447620613,0.0,0.0,0.0,193.5687181372486,82.5030376670717,67.36924277907885,1,1,0,1,0.93477124,0.8695425,-0.8695425,-0.3255508366330667,0.3255508366330667,-0.0319178968667984
256,SINNER,SINNER,10,ERROR,2nd Serve,72,20.0,Left,5.7643189655172415,8.741456896551725,14.4,22.331999999999994,15.359080825861044,27.530267641122524,193.70862254477183,731.3799999999989,7.99996551724138,4.176620689655172,16.56,11.520000000000001,10.949117476969347,20.23754095689828,78.24743344405931,251.59999999999982,133.1355118508656,147.18063674421973,66.19688683214136,100.0,58.505467800729036,13.593442637754832,17.447218667702995,18.242061239102608,139.46119902397103,164.09147683639662,84.91796381994111,75.0,53.58444714459296,28.478935534263258,16.535300912884317,18.858212971165212,0.0,0.0,0.0,157.27340778116437,71.08140947752126,50.50741608118658,2,0,0,0,0.4729358,-0.05412841,0.05412841,-0.27126635099285473,0.27126635099285473,-0.08135122358798981
257,SINNER,SINNER,10,ERROR,1st Serve,62,10.0,Right,6.3946385542168676,7.166204819277109,17.639999999999997,20.560499999999994,14.963360559392768,28.922914298338338,160.92692237934904,659.0739999999988,5.700301204819277,6.147168674698795,14.4,20.573999999999995,10.648582407404527,20.94971116139118,74.46176346801347,255.99999999999994,118.48915465467164,137.12590397310353,54.08778572430234,100.0,36.0064803564196,19.454889288185125,12.533799033749577,20.17791550380081,128.69167241495097,149.55444231824683,80.605805637358,80.0,58.201701093560146,16.006669875005073,19.179969938284035,25.885201501540664,0.0,0.0,0.0,205.40707157670545,18.59052247873633,87.50975800156128,1,1,0,0,0.07252661,-0.8549468,0.8549468,-0.38800243921942423,0.38800243921942423,-0.08113662302494049
258,SINNER,SINNER,3,WINNER,1st Serve,62,10.0,Left,3.672178217821783,7.943465346534653,8.64,24.24,13.80085415690576,35.196062494128356,142.08250141723354,572.373749999999,5.548514851485148,5.138019801980199,12.6,11.88,9.28828391849945,14.982989621269343,66.15330924036282,201.36249999999995,132.49672224532787,132.49672224532787,77.19814892721918,0.0,67.19319562575942,0.0,0.0,0.0,119.75309544478083,119.75309544478083,55.23769457299117,100.0,4.0097205346294045,0.0,0.0,0.0,0.0,0.0,0.0,223.38643012345943,86.63426488456865,75.95628415300546,1,0,0,0,0.026398046,-0.94720393,0.94720393,-0.499842738214071,0.499842738214071,-0.17553462982177734
259,SINNER,SINNER,8,ERROR,2nd Serve,62,10.0,Right,3.5753761061946903,9.861438053097343,8.64,24.348,15.194445551637298,30.912061202327067,205.4989267508043,772.8239999999995,8.578340707964601,7.919601769911505,16.56,21.401999999999997,15.133408913315924,31.608716134165643,158.12501701311558,629.849999999999,148.1085747316153,158.17648514401475,73.15944467816574,33.33333333333333,48.400162008910485,15.511872133125724,25.601284018127537,16.068923839304944,121.44006930223945,149.61142124759124,66.25999158603283,100.0,34.467395706763874,40.397398812657656,7.659483471902568,11.668016252753885,0.0,0.0,0.0,143.24617506612054,28.311057108140947,76.26854020296643,2,1,0,0,0.054050576,-0.8918989,0.8918989,-0.5782539646648849,0.5782539646648849,-0.2696281671524048
260,ALCARAZ,SINNER,5,ERROR,1st Serve,77,10.0,Right,5.466973684210527,9.868421052631579,14.838,25.316999999999997,16.842033070864787,39.18651992701235,230.15600803489437,1001.1559999999994,5.697894736842107,5.400657894736841,15.48,15.713999999999992,10.798523308009646,20.969751496443383,88.0025385802469,364.4499999999998,133.3521217241755,134.5300981749928,80.98443416070677,50.0,64.03402187120291,1.6659102729019453,21.41846371284452,36.085643754356006,73.830733108042,73.830733108042,74.08498106857382,100.0,63.30498177399757,0.0,0.0,0.0,206.71238228132154,81.044957472661,101.56128024980484,0.0,0.0,0.0,1,1,1,0,0.021363154,-0.9572737,0.9572737,-0.6540579160708972,0.6540579160708972,-0.36708495020866394
261,ALCARAZ,SINNER,1,Ace,2nd Serve,77,10.0,Left,1.8,1.8,1.8,1.8,2.545584412271571,2.545584412271571,0.0,0.0,0.0,10.8,0.0,10.8,10.8,10.8,0.0,0.0,0.0,0.0,0.0,0.0,0.0,0.0,0.0,0.0,0.0,0.0,0.0,0.0,0.0,0.0,0.0,0.0,162.92545391438944,101.70109356014581,91.10070257611241,0.0,0.0,0.0,2,0,1,0,0.45154852,-0.09690297,0.09690297,-0.5426269261565836,0.5426269261565836,-0.37116082608699796
262,ALCARAZ,SINNER,7,ERROR,2nd Serve,81,10.0,Right,5.927604790419162,7.566377245508982,16.2,21.36599999999999,13.365923870911436,28.983873011595488,149.6593852802954,696.4100000000001,6.557155688622755,4.452574850299402,14.040000000000001,13.085999999999986,9.645766753012483,16.763235646355884,64.38616670862706,240.6250000000001,116.17944455571416,127.40831824401529,57.98625718693031,66.66666666666666,40.137707573916565,15.015405558519502,6.206025689187858,22.789333389499397,149.3966733442754,153.6368511122634,87.1266302061422,100.0,61.96840826245443,5.99651690636151,12.37511236742128,14.26242110291214,160.71058289882353,26.852976913730252,65.807962529274,0.0,0.0,0.0,2,1,1,0,0.05524659,-0.8895068,0.8895068,-0.6120029042980697,0.6120029042980697,-0.3863596051931381
263,ALCARAZ,ALCARAZ,8,ERROR,1st Serve,85,10.0,Left,6.229004524886879,6.595723981900451,17.280000000000005,18.997199999999996,19.98710316099574,37.55518769053784,125.2412244748165,523.5327499999995,6.426923076923076,4.4395248868778285,14.040000000000001,10.8,9.325970202473288,18.659271536030083,58.3605653631992,214.9499999999998,113.39610455356855,114.42243511032837,64.80157060720796,100.0,62.89995949777238,1.65611286400944,10.71000306963055,17.41294349755162,133.1590383736492,144.91422169751246,71.64493058477072,100.0,49.37221547185095,10.83521571783788,27.63306182335141,39.04305502909411,186.25991235432127,95.1397326852977,95.0039032006245,0.0,0.0,0.0,1,0,1,1,0.98065394,0.9613079,-0.9613079,-0.2973407467859288,0.2973407467859288,-0.2904354900121689
264,ALCARAZ,ALCARAZ,2,RETURN WINNER,2nd Serve,85,20.0,Right,3.5561538461538458,5.574431438127091,7.614000000000001,17.039999999999996,241.5510521989915,444.71686602620196,176.85491493738817,835.7547250000001,3.5550000000000006,5.6295652173913036,5.67,17.19,8.874804365767586,18.613046345067538,103.14688307493542,502.87499999999966,0.0,0.0,0.0,0.0,0.0,0.0,0.0,0.0,0.0,0.0,0.0,0.0,0.0,0.0,0.0,0.0,146.8663573756517,27.5820170109356,85.79234972677595,0.0,0.0,0.0,2,1,1,1,0.97497356,0.9499471,-0.9499471,-0.04788317367691193,0.04788317367691193,-0.2900711804628372
265,ALCARAZ,ALCARAZ,6,ERROR,1st Serve,85,30.0,Left,5.18295918367347,7.997346938775511,13.320000000000002,22.335999999999995,14.756847786581966,34.30764602694055,143.6981990657406,565.76,6.30265306122449,4.87326530612245,15.245999999999988,13.931999999999976,9.952408061958764,17.38412807308862,73.86847317678503,255.12499999999997,136.2603347197517,152.66780487040265,81.57341186369374,66.66666666666666,44.10692588092345,23.203666811282293,13.803009948277575,30.58687899178747,104.79930671425863,122.7934643947308,84.05553218342449,100.0,24.05832320777643,25.44758183520374,21.596950910451554,5.670601161398803,210.16736071347975,79.34386391251519,94.53551912568307,0.0,0.0,0.0,1,0,1,1,0.19105463,-0.6178907,0.6178907,-0.1618846820613416,0.1618846820613416,-0.36331525146961213
267,ALCARAZ,ALCARAZ,3,WINNER,1st Serve,72,40.0,Right,6.590084745762711,8.581525423728813,16.92,25.38,14.160921941942618,29.38493525214406,215.97659903381643,845.0065000000001,7.931186440677966,7.768728813559321,20.627999999999997,22.014,13.827246881837725,28.054583698307486,194.12160326086956,661.5749999999999,105.41873696270135,105.41873696270135,53.13420277660917,100.0,93.43863912515188,0.0,0.0,0.0,0.0,0.0,0.0,0.0,0.0,0.0,0.0,0.0,221.68132908871172,4.738760631834751,75.95628415300546,0.0,0.0,0.0,1,1,1,1,0.9009779,0.8019558,-0.8019558,0.030883418176915544,-0.030883418176915544,-0.3708062916994095
268,SINNER,ALCARAZ,2,RETURN WINNER,2nd Serve,82,50.0,Right,3.1148571428571428,7.542000000000001,8.028,21.311999999999998,10.798217052160178,22.535621805464206,213.32396267361116,896.5060000000001,5.4145714285714295,8.843142857142857,19.151999999999987,19.115999999999996,15.34807385915681,26.31122519154483,204.00531684027777,603.2125000000001,0.0,0.0,0.0,0.0,0.0,0.0,0.0,0.0,120.95960991744921,120.95960991744921,44.383676903660074,100.0,90.03645200486027,0.0,0.0,0.0,0.0,0.0,0.0,210.60141993221583,94.65370595382745,108.11865729898517,2,1,0,1,0.9793053,0.95861065,-0.95861065,0.21642886531698416,-0.21642886531698416,-0.27486614882946014
269,SINNER,SINNER,9,WINNER,1st Serve,82,60.0,Left,3.0265793528505394,6.802604006163329,9.0,19.44,9.444601616059742,19.901501393854357,88.08577407980735,317.7199999999999,7.012465331278891,4.383559322033899,21.240000000000002,15.912000000000017,10.549762597547565,25.927752090900153,77.31941219470245,383.1874999999999,181.1304557972503,201.35346665784397,59.22030570747441,100.0,60.388821385176186,19.851185945552434,18.658592757622028,20.1745006858005,67.96039352318411,111.72839969917928,67.77450567942786,100.0,9.842041312272174,31.17168006727571,0.0,0.0,0.0,0.0,0.0,206.24699222466387,94.16767922235722,79.5472287275566,1,0,0,0,0.030154,-0.939692,0.939692,-0.01479531182966469,0.01479531182966469,-0.3631621032953262
270,SINNER,ALCARAZ,11,ERROR,1st Serve,72,60.0,Right,7.050304212168487,5.153728549141966,16.2,14.040000000000001,10.829173313688775,19.930784895643644,89.5855983868861,252.32999999999996,7.960296411856475,6.959953198127925,18.0,17.28,14.479203053248769,25.725882597466143,146.65488941135493,581.5250000000002,144.39991008542967,163.48914564218668,82.1623895666807,100.0,59.84204131227217,27.401479678109503,15.340364416942641,23.339722755306372,109.5572516892906,137.96290334640997,66.68068994530921,100.0,46.92588092345079,25.22020149454689,14.37545438557975,23.268831154518942,0.0,0.0,0.0,226.0218301834212,4.981773997569866,80.95238095238095,1,1,0,1,0.1696748,-0.6606504,0.6606504,-0.14396632396476938,0.14396632396476938,-0.3577133119106293
271,SINNER,ALCARAZ,8,WINNER,2nd Serve,86,70.0,Left,5.731708428246014,4.582072892938497,16.56,13.680000000000001,9.49439559191577,18.270621233946294,65.98899719673804,197.92500000000018,5.597835365853659,9.3675,10.673999999999992,23.400000000000002,15.433185043582778,27.788738274462556,164.8431997863248,618.0000000000001,95.95753097752848,137.1619569030186,56.92048801009676,100.0,48.886188740380724,46.94994237130418,8.22118223706545,13.64414190499988,107.92854920983079,141.51281191012623,62.83831159725144,100.0,71.1624139327663,53.97859651568955,29.940287757161197,5.196926669046718,0.0,0.0,0.0,144.0380159889167,74.726609963548,93.2864949258392,2,0,0,1,0.96894157,0.93788314,-0.93788314,0.07240356855950779,-0.07240356855950779,-0.26136248409748075
272,SINNER,ALCARAZ,4,WINNER,2nd Serve,90,80.0,Right,5.367014218009479,6.103507109004739,11.7,15.659999999999998,10.46816127423687,19.29996211379563,87.63663194444445,242.58,6.918056872037916,6.334407582938389,12.780000000000001,18.0,12.510037841254546,23.149198331141022,105.04951255341881,447.325,132.86074714933352,132.86074714933352,79.6381994110223,100.0,36.81652490886999,0.0,0.0,0.0,137.4977261374819,153.12208488301474,59.44467816575515,0.0,65.73511543134873,22.096180041315236,3.8077268822834673,43.99011810054827,0.0,0.0,0.0,132.70699805890348,30.25516403402187,65.96409055425448,2,1,0,1,0.849336,0.69867206,-0.69867206,0.1976572660872303,-0.1976572660872303,-0.1823147177696228
273,ALCARAZ,ALCARAZ,5,ERROR,2nd Serve,82,90.0,Right,5.421198347107439,5.855206611570248,11.501999999999997,14.76,9.844416020249813,18.023690697425778,65.72256218038122,186.3679999999999,7.058553719008264,7.868305785123966,14.741999999999996,20.141999999999996,13.976051717972533,23.29816309206639,145.5165911204091,499.4499999999998,135.12041795998854,135.12041795998854,82.41480858224652,0.0,87.363304981774,0.0,0.0,0.0,127.67238575248598,135.34742919177174,84.68657972233908,0.0,42.527339003645196,10.854150523640575,11.899146507135848,12.544057114609467,0.0,0.0,0.0,107.67429640049903,60.14580801944107,73.74842238115271,2,1,1,1,0.97657233,0.95314467,-0.95314467,0.3487547467763395,-0.3487547467763395,-0.08540958762168885
274,ALCARAZ,ALCARAZ,6,ERROR,2nd Serve,72,90.0,Left,6.944431818181819,5.661363636363636,14.345999999999998,15.8265,10.940657646013861,19.92034837327657,83.8793800553427,260.0,4.45612012987013,8.338068181818182,11.88,21.186,14.407940264750774,29.78882931134062,164.54027813072867,685.0000000000001,128.58045434038104,140.37732285726054,82.58308792595709,100.0,42.40583232077764,16.683291450103166,4.878650067925698,19.245676668989873,128.29565389102132,135.56829821079117,77.36642827092975,100.0,52.733900364520046,10.285072231334178,30.10484066305369,11.169365923967334,169.35455790515795,80.31591737545565,88.44652615144419,0.0,0.0,0.0,2,0,1,1,0.97422534,0.9484507,-0.9484507,0.4686939343305565,-0.4686939343305565,0.01005675196647644
275,ALCARAZ,ALCARAZ,2,RETURN WINNER,1st Serve,72,90.0,Right,7.290769230769231,5.561923076923078,18.648000000000007,17.028000000000006,13.274086284285026,31.09725629042743,232.17933545524693,1116.115,2.788461538461538,10.843846153846151,6.552000000000002,23.832,14.597163088171106,25.53394768780521,177.79605516975306,640.9999999999998,0.0,0.0,0.0,0.0,0.0,0.0,0.0,0.0,0.0,0.0,0.0,0.0,0.0,0.0,0.0,0.0,201.96009339866762,82.01701093560145,88.44652615144419,0.0,0.0,0.0,1,1,1,1,0.99409336,0.9881867,-0.9881867,0.5725924908711225,-0.5725924908711225,0.1078803300857544
276,ALCARAZ,ALCARAZ,6,ERROR,2nd Serve,72,90.0,Left,7.77806324110672,5.1292885375494075,16.70399999999999,13.985999999999997,11.352875254255556,20.118315640328408,87.32569444444444,297.25799999999964,3.620205533596838,7.518616600790514,9.72,19.22399999999999,11.245362739874587,23.73115971785141,101.24840027777778,357.07499999999965,139.20412851409705,153.06263302211582,78.1657551535549,100.0,32.56379100850547,19.59888502944882,0.4164701277497501,33.85177056956254,115.5332300423333,123.46243762747355,62.30542700883466,100.0,58.68772782503037,11.213592905776956,11.899146507135839,2.7493823812842675,208.23263472063547,12.75820170109356,80.64012490241998,0.0,0.0,0.0,2,0,1,1,0.9668655,0.93373096,-0.93373096,0.6448201846753526,-0.6448201846753526,0.11108975410461426
277,SINNER,SINNER,2,RETURN WINNER,1st Serve,82,90.0,Right,4.2844736842105275,11.24921052631579,10.763999999999998,22.926,19.28791228602365,36.80184971596519,295.64563888888887,1152.94111111111,7.653157894736843,4.594736842105263,16.560000000000002,11.749499999999998,10.540744097903692,16.756577014993493,60.96016865079366,179.22968749999995,0.0,0.0,0.0,0.0,0.0,0.0,0.0,0.0,0.0,0.0,0.0,0.0,0.0,0.0,0.0,0.0,0.0,0.0,0.0,200.11291606190795,94.16767922235722,96.25292740046838,1,1,0,0,0.11344562,-0.7731088,0.7731088,0.3612343916634693,-0.3612343916634693,0.07514073550701142
278,SINNER,SINNER,4,ERROR,1st Serve,72,80.0,Left,4.1638636363636365,10.329886363636364,8.280000000000001,23.490000000000002,13.934117899515003,25.636829545451455,172.82277858060374,556.7347500000001,11.090113636363638,4.893238636363637,26.280000000000005,15.120000000000001,14.342080170555588,30.95250252874833,130.6870383750803,398.0555555555557,144.75051287354836,144.75051287354836,64.40891880521666,0.0,32.44228432563791,0.0,0.0,0.0,55.64417341317302,55.64417341317302,0.0,100.0,0.0,0.0,0.0,0.0,0.0,0.0,0.0,214.41238603864448,100.72904009720534,95.94067135050742,1,0,0,0,0.001945015,-0.99610996,0.99610996,0.0897655208380996,-0.0897655208380996,0.06808257699012757
279,SINNER,ALCARAZ,3,ERROR,2nd Serve,72,70.0,Right,4.027741935483871,8.566209677419355,13.265999999999996,20.783999999999995,14.823111116005059,39.06008900149341,129.39641978879706,465.07499999999993,8.50016129032258,5.849999999999999,13.626,17.28,12.087967604996415,25.435390330352753,100.64228937098255,426.7500000000001,0.0,0.0,0.0,0.0,0.0,0.0,0.0,0.0,146.6415916210565,146.6415916210565,61.800588977702986,100.0,44.106925880923455,0.0,0.0,0.0,0.0,0.0,0.0,146.3797199736683,20.048602673147023,53.78610460577674,2,1,0,1,0.9879633,0.97592664,-0.97592664,0.26699774420038697,-0.26699774420038697,0.16423910558223725
280,SINNER,SINNER,10,ERROR,1st Serve,72,80.0,Left,3.5394669187145555,7.293977855792601,10.295999999999989,19.8,13.039147094082507,25.437514112024456,118.1931107412293,459.80999999999995,5.993648393194707,4.2101512287334595,13.895999999999987,10.440000000000001,9.300805088037226,18.07932604237083,65.99102569180397,245.93750000000003,130.60670845741703,142.7903129950673,75.99915860328146,75.0,54.07047387606319,11.371044968384709,15.401065370153423,12.535030494320115,126.4448909294837,139.03344882224152,66.07067732435844,100.0,36.2089914945322,10.577917196277307,12.911602071366413,26.141356385798158,0.0,0.0,0.0,210.5540129039424,13.730255164034022,88.60265417642466,1,0,0,0,0.04463296,-0.91073406,0.91073406,0.03145138387501899,-0.03145138387501899,0.1632973462343216
281,SINNER,ALCARAZ,4,WINNER,2nd Serve,72,70.0,Right,5.663833333333334,9.253,13.337999999999996,22.697999999999993,17.581223402304943,38.07874209819123,216.17477008788447,773.9679999999995,4.508,4.392666666666667,9.377999999999995,15.893999999999982,8.032025646043202,17.26132579654568,51.778464375392346,249.99999999999986,121.76583777009449,121.76583777009449,61.632309633992435,0.0,28.068043742405834,0.0,0.0,0.0,172.77108422219965,180.40349700375194,79.8485485906605,100.0,72.78250303766708,10.793861669301027,3.3912567545337224,11.68487512045813,0.0,0.0,0.0,156.78405721892236,32.19927095990279,63.778298204527715,2,1,0,1,0.9957871,0.99157417,-0.99157417,0.22347594074106752,-0.22347594074106752,0.260739740729332
283,ALCARAZ,SINNER,5,ERROR,2nd Serve,86,60.0,Right,6.874430379746836,8.34113924050633,14.76,21.671999999999997,14.785287234985837,26.93752682133046,181.32679783950618,642.6290000000001,4.531772151898735,5.898354430379747,11.88,16.56,9.34545255501533,18.455364816308546,82.72323866334283,306.03749999999997,116.33115175921606,125.5419369490645,81.19478334034497,100.0,38.63912515188335,13.026017335588923,9.578812938244363,13.918748305251606,98.558151907919,98.558151907919,94.27850231384097,100.0,76.18469015795868,0.0,0.0,0.0,168.74554580450788,12.029161603888214,87.35362997658079,0.0,0.0,0.0,2,1,1,0,0.077879734,-0.84424055,0.84424055,0.009932643347553671,-0.009932643347553671,0.22337286174297333
284,SINNER,SINNER,6,ERROR,2nd Serve,72,50.0,Left,3.925361842105263,7.719868421052632,10.385999999999989,21.916799999999988,12.892421414270906,29.40743988214999,148.75106947212993,665.8599999999999,5.095361842105263,4.4614144736842105,11.879999999999999,12.185999999999986,8.626617017389599,16.772767583160345,50.276376199704686,185.99999999999997,135.16893403898194,137.8785920552607,68.48969289019773,100.0,48.481166464155535,3.8320351160144077,16.361326447311786,22.682404645595216,126.13620272577542,127.92841544730868,62.557846024400504,100.0,43.01336573511543,2.5345715374499327,16.301830714776102,16.324457888875337,0.0,0.0,0.0,154.95141145607155,70.83839611178615,67.8376268540203,2,0,0,0,0.052375022,-0.89524996,0.89524996,-0.17110387788329745,0.17110387788329745,0.22308570444583892
285,SINNER,ALCARAZ,8,WINNER,2nd Serve,72,40.0,Right,4.434564705882353,8.349105882352942,11.807999999999984,21.6,14.309464710561896,31.7563529228858,170.75184128193143,726.0167777777772,6.510282352941176,4.220047058823529,14.760000000000002,13.53599999999997,9.59980034918256,19.052754825289856,69.46081407977883,234.82500000000002,134.2493473230862,136.51727785190835,58.603281447202356,0.0,50.911300121506684,3.7095339159101868,10.064455400458172,0.8761971507810457,145.26831884315393,164.17936101901614,68.04795961295751,100.0,50.182260024301335,17.37201217055791,7.601923508968473,33.66181049046121,0.0,0.0,0.0,151.438377249654,61.360874848116644,87.82201405152225,2,1,0,1,0.96752596,0.9350519,-0.9350519,0.050127281299319135,-0.050127281299319135,0.22177290618419648
286,ALCARAZ,ALCARAZ,1,Ace,1st Serve,72,40.0,Left,0.0,5.4,0.0,5.4,5.4,5.4,0.0,0.0,3.6,0.0,3.6,0.0,3.6,3.6,0.0,0.0,0.0,0.0,0.0,0.0,0.0,0.0,0.0,0.0,0.0,0.0,0.0,0.0,0.0,0.0,0.0,0.0,189.09028508091487,99.27095990279466,77.51756440281031,0.0,0.0,0.0,1,0,1,1,0.8754873,0.75097466,-0.75097466,0.1902967560697288,-0.1902967560697288,0.21182428300380707
288,ALCARAZ,ALCARAZ,4,ERROR,1st Serve,72,40.0,Right,6.36921686746988,4.738012048192771,14.040000000000001,14.67,9.901832953571905,17.356736744495624,83.09500085207908,298.922,2.7435542168674694,8.624819277108433,7.2,23.355000000000004,12.855862715257308,28.51315315176912,179.81616394001364,692.3750000000003,127.58518239135923,127.58518239135923,83.59276398822044,100.0,28.554070473876063,0.0,0.0,0.0,100.31547106042024,100.31547106042024,59.023979806478756,100.0,44.106925880923455,0.0,0.0,0.0,216.31226245356214,50.18226002430134,74.86338797814209,0.0,0.0,0.0,1,1,1,1,0.89144605,0.7828921,-0.7828921,0.3088158264484955,-0.3088158264484955,0.28186342418193816
290,SINNER,ALCARAZ,13,ERROR,2nd Serve,82,60.0,Right,5.00376837154615,7.138024691358026,12.959999999999999,21.81600000000001,12.940915876957265,28.526888407776603,142.0705535565925,577.5250000000002,7.208971193415638,3.4959259259259254,16.2,9.360000000000003,9.676010750137396,18.742041595449145,58.960098140495866,208.00000000000006,126.99046453117323,136.522055042149,65.72149768615903,50.0,67.38760631834751,5.522469590378592,16.39359539983299,13.855385256511358,139.21119580513127,151.178480930561,67.21357453372599,100.0,42.04131227217497,10.076682402009249,15.982344880439419,19.935244162874064,0.0,0.0,0.0,155.31000333623822,26.609963547995143,76.42466822794691,2,1,0,1,0.6994667,0.3989334,-0.3989334,0.32683934328770264,-0.32683934328770264,0.2617123037576675
291,SINNER,ALCARAZ,8,WINNER,2nd Serve,62,60.0,Left,7.46509442060086,8.439399141630902,18.720000000000002,22.284000000000002,16.012674754911757,29.786248119505725,193.8071334773218,777.2959999999997,6.941008583690989,4.401759656652361,16.47,15.0525,9.712664738105756,19.025214428289807,59.6802968262539,236.99999999999997,108.43693675580464,145.25588179281874,68.8122282989763,100.0,43.53989469420818,37.07027824641048,20.93325594578333,17.18421266147662,150.24778254433954,164.9126716882059,74.19015565839294,100.0,60.14580801944107,11.555196968181358,8.924194612897907,22.151127070265954,0.0,0.0,0.0,150.78944287759273,63.547995139732684,90.32006245120999,2,0,0,1,0.67222613,0.34445226,-0.34445226,0.33036192701511086,-0.33036192701511086,0.23100438416004182
292,SINNER,SINNER,8,ERROR,2nd Serve,66,70.0,Right,6.944893617021277,7.024184397163122,16.200000000000003,19.763999999999992,14.484619389311439,27.85885083274437,155.20368482804233,640.6399999999996,8.354397163120566,4.628652482269504,19.403999999999993,13.643999999999993,11.575967925822397,22.775891491571475,92.81340525793651,364.3999999999994,132.54255805753823,148.00811750322256,50.497826391810406,100.0,47.023086269744844,13.426679235892102,3.7177295944862743,16.716776205997412,150.3110987305349,160.47111556552537,70.52306829336699,100.0,69.8663426488457,9.94751253016799,3.8533152703622116,2.986198232671811,0.0,0.0,0.0,152.34011099849764,25.880923450789794,77.98594847775175,2,1,0,0,0.43472362,-0.13055277,0.13055277,0.2381789878706336,-0.2381789878706336,0.27146134674549105
293,SINNER,ALCARAZ,1,Ace,2nd Serve,66,60.0,Left,1.8000000000000007,10.8,1.8000000000000007,10.8,31.072817702937726,31.072817702937726,0.0,0.0,9.0,21.6,9.0,21.6,23.400000000000002,23.400000000000002,0.0,0.0,0.0,0.0,0.0,0.0,0.0,0.0,0.0,0.0,0.0,0.0,0.0,0.0,0.0,0.0,0.0,0.0,0.0,0.0,0.0,0.0,0.0,0.0,2,0,0,1,0.0050648428,-0.9898703,0.9898703,-0.007430871669435568,0.007430871669435568,0.25500034987926484
296,ALCARAZ,ALCARAZ,5,ERROR,2nd Serve,67,80.0,Right,2.9847846889952154,2.928612440191388,11.52,12.959999999999999,5.495304981527494,16.195028309925068,36.24590567129629,187.291,1.4214832535885167,4.503062200956938,5.76,16.92,6.972674345922307,18.003580049129752,56.01734719996439,258.05000000000007,130.50330325717823,130.50330325717823,99.07446360959192,100.0,31.95625759416768,0.0,0.0,0.0,128.9416703893079,175.0716796081314,53.26041228439209,100.0,17.253948967193196,65.23768466965612,10.292761728672504,0.17183639883026736,0.06581902745212326,0.0,0.0,0.0,0.0,0.0,2,1,1,1,0.53696066,0.07392132,-0.07392132,0.00883956722896571,-0.00883956722896571,0.21180225908756256
297,ALCARAZ,ALCARAZ,2,RETURN WINNER,2nd Serve,57,80.0,Left,10.149795918367348,8.918571428571429,18.791999999999998,23.400000000000002,16.11257618280714,28.882219100794646,201.0083393719807,739.8300000000002,5.64734693877551,7.016326530612245,10.8,21.432000000000002,16.378553995498223,42.097992600918616,231.623226147343,983.5625,0.0,0.0,0.0,0.0,0.0,0.0,0.0,0.0,0.0,0.0,0.0,0.0,0.0,0.0,0.0,0.0,147.05403416603792,63.547995139732684,92.84812789230122,0.0,0.0,0.0,2,0,1,1,0.98071116,0.9614223,-0.9614223,0.19935611861929323,-0.19935611861929323,0.2249397724866867
298,ALCARAZ,SINNER,6,WINNER,1st Serve,57,80.0,Right,4.9287,7.898199999999998,12.24,24.483600000000003,11.50231016681028,26.013958055165126,120.38918243546576,477.3079999999997,6.577200000000001,7.499900000000001,17.65800000000001,18.36,13.703555406414447,23.583073528942684,123.09022516835017,431.14999999999964,156.5769853284582,193.72563769683762,79.52601318188194,100.0,69.2993114621304,32.36053533982843,25.974822043715832,26.084440836017666,71.00932108448124,79.6186611769896,66.00757257046698,50.0,29.040097205346292,12.175445521907767,0.0,0.0,203.3032560335402,38.03159173754557,93.2864949258392,0.0,0.0,0.0,1,1,1,0,0.040922686,-0.9181546,0.9181546,-0.024146024561047412,0.024146024561047412,0.13137480914592742
299,ALCARAZ,ALCARAZ,3,WINNER,2nd Serve,57,70.0,Left,5.1879807692307685,5.839038461538461,13.320000000000002,19.979999999999983,10.713223987654532,22.11941400620247,114.44093784378438,470.08000000000004,5.018365384615385,6.18923076923077,11.105999999999998,17.207999999999984,11.929133252210555,20.02324120277135,109.99547923542355,411.50000000000017,114.91748138786349,114.91748138786349,79.97475809844342,100.0,34.38639125151883,0.0,0.0,0.0,139.16409942069905,139.16409942069905,81.82583087925957,0.0,73.75455650060753,0.0,0.0,0.0,162.7074575958352,74.726609963548,56.90866510538641,0.0,0.0,0.0,2,0,1,1,0.98506516,0.9701303,-0.9701303,0.17470924522390385,-0.17470924522390385,0.13245879113674164
300,ALCARAZ,ALCARAZ,2,RETURN WINNER,2nd Serve,57,70.0,Right,9.000000000000002,4.538684210526315,16.56,10.5255,11.273112160415161,17.255999479789274,58.173710317460326,171.10599999999974,4.251315789473684,9.62921052631579,7.973999999999998,24.749999999999996,17.035921867022854,31.89519746567834,276.6938492063492,1332.725,0.0,0.0,0.0,0.0,0.0,0.0,0.0,0.0,0.0,0.0,0.0,0.0,0.0,0.0,0.0,0.0,172.74302613850918,11.7861482381531,96.87743950039032,0.0,0.0,0.0,2,1,1,1,0.97412384,0.9482477,-0.9482477,0.329416930404587,-0.329416930404587,0.1304618388414383
301,SINNER,SINNER,6,ERROR,1st Serve,72,70.0,Right,6.854777777777778,4.934222222222222,14.957999999999993,13.355999999999987,11.014625213454925,19.755908750759005,87.14143986683312,290.2379999999999,6.414777777777778,7.531888888888889,17.837999999999997,20.717999999999996,13.362965646676445,24.337229313310125,127.38158967956721,415.72499999999985,120.58911934427468,122.92896715186117,69.33108960875052,100.0,38.03159173754556,3.3090445033777725,6.2470519162463125,31.961570182429604,137.91639017022757,150.11089791143635,59.86537652503155,100.0,51.51883353584448,17.245638234081166,0.1189914650713629,8.763656340343605,0.0,0.0,0.0,185.22940613177965,77.88578371810449,82.20140515222482,1,1,0,0,0.05856665,-0.8828667,0.8828667,0.08696020819924939,-0.08696020819924939,0.039631956815719606
302,SINNER,ALCARAZ,11,ERROR,2nd Serve,62,60.0,Left,6.281889400921659,4.618617511520737,14.04,12.24,9.57016534637684,17.589298189116306,72.44333033264746,231.89399999999998,7.573732718894009,8.043078341013825,16.560000000000002,20.08799999999998,22.550999521596705,32.35869272866609,164.16086216135113,626.5249999999991,136.60086950752586,165.44005582658752,71.729070256626,75.0,62.94046172539489,31.138044050405266,9.921586086638555,17.872637675039503,120.81466194324226,140.7809434869064,66.29364745477491,100.0,55.67436208991495,19.48083501924918,7.679007048155316,18.48547581416522,0.0,0.0,0.0,142.04227416217554,75.45565006075334,81.10850897736144,2,0,0,1,0.9171018,0.8342036,-0.8342036,0.23640888673609636,-0.23640888673609636,0.11999757587909698
303,SINNER,SINNER,1,Ace,1st Serve,62,70.0,Right,1.8,9.0,1.8,9.0,9.178235124467012,9.178235124467012,0.0,0.0,3.6,5.4,3.6,5.4,6.489992295835181,6.489992295835181,0.0,0.0,0.0,0.0,0.0,0.0,0.0,0.0,0.0,0.0,0.0,0.0,0.0,0.0,0.0,0.0,0.0,0.0,0.0,0.0,0.0,208.41176824671032,0.12150668286755771,93.91100702576112,1,1,0,0,0.004548905,-0.9909022,0.9909022,-0.009053327699135671,0.009053327699135671,0.12025796473026276
304,SINNER,SINNER,4,ERROR,1st Serve,62,60.0,Left,5.93826923076923,5.845576923076923,15.209999999999999,15.57,11.057217806479306,19.914789324980493,95.27594498910676,285.63600000000014,6.792692307692307,7.3228846153846145,18.090000000000003,22.71,14.572512665104563,27.70728811230124,171.2631626724764,611.0000000000006,156.2148576330076,156.2148576330076,65.0820361800589,100.0,2.0656136087484813,0.0,0.0,0.0,100.77142419639057,100.77142419639057,61.548169962137145,100.0,72.05346294046173,0.0,0.0,0.0,0.0,0.0,0.0,213.4774945090454,8.383961117861482,77.51756440281031,1,0,0,0,0.018043056,-0.9639139,0.9639139,-0.2000254456676094,0.2000254456676094,0.023265936970710756
305,SINNER,SINNER,2,RETURN WINNER,1st Serve,62,60.0,Right,3.8952631578947363,9.618947368421052,9.161999999999999,19.097999999999995,14.038617147668779,24.246616469586687,198.57675396825394,658.6839999999986,2.3415789473684203,4.993421052631579,4.374,12.654,8.77246753189222,15.253759614132537,42.46364087301587,154.85625000000002,0.0,0.0,0.0,0.0,0.0,0.0,0.0,0.0,0.0,0.0,0.0,0.0,0.0,0.0,0.0,0.0,0.0,0.0,0.0,203.99626974153213,32.68529769137303,81.4207650273224,1,1,0,0,0.016434204,-0.9671316,0.9671316,-0.3534466794710993,0.3534466794710993,0.020446059107780457
306,ALCARAZ,ALCARAZ,9,WINNER,2nd Serve,72,50.0,Right,7.646858316221766,6.5713244353182745,17.891999999999992,20.051999999999996,13.794833878736668,23.340673806090447,134.95724977043156,499.0699999999993,6.094620123203285,4.603613963039014,12.24,14.400000000000002,9.568317347911849,16.300040180011656,60.091335944674015,192.78749999999974,108.86215088118668,129.94781887920834,80.35338662179217,100.0,38.69987849331714,14.882110240227522,15.604752627313706,11.33317176908234,114.97565601570287,159.84382655590716,68.04795961295751,75.0,64.58080194410692,45.792243449588625,32.01005876460695,20.812667808938265,168.63813483691146,16.160388821385176,85.16783762685401,0.0,0.0,0.0,2,1,1,1,0.97015005,0.9403001,-0.9403001,-0.09469732217642773,0.09469732217642773,0.01788235604763031
307,ALCARAZ,ALCARAZ,5,WINNER,1st Serve,62,50.0,Left,6.727883720930233,7.746790697674418,15.23428571428571,21.530571428571406,45.40247169631378,222.49833774495417,150.05645779126465,641.3160000000001,4.650581395348837,4.288488372093022,10.440000000000001,13.320000000000002,7.789688291904268,15.345773481060041,43.14210920479303,148.85000000000002,118.64060827664005,122.20781374294218,72.02355910811949,100.0,36.08748481166464,5.044790350215918,3.391256754533702,10.310183929816006,97.00461007071502,141.6544020639237,56.58392932267564,50.0,85.29769137302551,63.14434139393333,38.67222614819149,3.952237173096124,166.12148196665336,75.21263669501823,70.96018735362998,0.0,0.0,0.0,1,0,1,1,0.94243085,0.8848617,-0.8848617,0.10121448379633345,-0.10121448379633345,0.10433746874332428
308,ALCARAZ,SINNER,8,ERROR,1st Serve,62,50.0,Right,5.936034115138593,8.825117270788914,16.05599999999999,21.600000000000005,16.656601348512307,29.747744126256595,212.8343695755842,757.38,4.903304904051173,4.968422174840087,12.959999999999999,15.695999999999987,8.929084340739124,18.467866948542717,65.35175622913687,223.375,116.66971321633963,140.85714458048582,69.40120600196326,66.66666666666666,43.944916970433376,29.879258019452184,13.183463177595609,29.264029653944014,130.40924487561668,153.72403309329306,77.5908007292105,100.0,46.537059538274605,25.00634213301024,11.384795116979276,32.0842071662137,192.88557091787078,72.05346294046173,89.85167837626854,0.0,0.0,0.0,1,1,1,0,0.06335722,-0.87328553,0.87328553,-0.09368551936246942,0.09368551936246942,0.10543569028377534
309,ALCARAZ,SINNER,3,ERROR,1st Serve,62,50.0,Left,7.335436893203883,9.283980582524272,17.495999999999988,26.180999999999994,16.782557654871503,34.01381222077074,240.92284305555563,915.2520000000001,1.9852427184466024,5.284368932038833,4.680000000000001,14.687999999999994,7.829851721537289,15.25341080534462,62.08881944444445,240.33749999999998,109.71442126637292,109.71442126637292,44.55195624737063,100.0,9.356014580801943,0.0,0.0,0.0,0.0,0.0,0.0,0.0,0.0,0.0,0.0,0.0,211.1266343330864,3.0376670716889427,77.98594847775175,0.0,0.0,0.0,1,0,1,0,0.6532164,0.30643284,-0.30643284,-0.013661846848312922,0.013661846848312922,0.07400473654270172
310,ALCARAZ,ALCARAZ,12,ERROR,1st Serve,72,40.0,Right,8.155284431137725,8.248877245508982,17.639999999999997,22.277999999999995,16.662901118086467,29.768945454880484,191.18628677135013,769.9639999999991,4.9531886227544915,4.530314371257485,12.24,13.193999999999992,8.46473508497361,17.960894861768473,65.24886695906433,268.7,124.89526432459927,138.77271729279803,71.20740429112327,100.0,40.704738760631834,14.656557006077081,18.261739972940752,18.916057988256497,122.12909031497335,140.9081274833839,70.82036180058897,100.0,66.31834750911301,20.999770850313567,15.91245594585844,13.611568879756451,200.826025981802,75.69866342648845,83.4504293520687,0.0,0.0,0.0,1,1,1,1,0.9921559,0.9843118,-0.9843118,0.18593288633665733,-0.18593288633665733,0.08567159473896027
311,ALCARAZ,SINNER,2,RETURN WINNER,2nd Serve,67,40.0,Left,3.6321428571428567,10.332142857142857,9.665999999999997,24.389999999999993,14.057853263239068,24.51868426906466,203.36847222222224,565.0645000000004,2.252857142857143,6.3357142857142845,5.0219999999999985,16.523999999999997,11.25679870099272,31.314300805552975,163.09833511396008,765.45,120.23552277851857,120.23552277851857,88.22044594026083,100.0,80.31591737545565,0.0,0.0,0.0,0.0,0.0,0.0,0.0,0.0,0.0,0.0,0.0,146.94794484733177,84.44714459295261,81.57689305230289,0.0,0.0,0.0,2,0,1,0,0.014003211,-0.97199357,0.97199357,-0.04565240404255164,0.04565240404255164,-0.0020726889371871947
312,ALCARAZ,SINNER,9,ERROR,1st Serve,72,40.0,Right,7.921586102719034,7.732794561933535,21.581999999999976,21.6,15.778454085576087,30.40084956299609,167.43218158826502,674.6219999999998,5.249954682779457,6.744833836858006,11.501999999999976,19.78199999999997,11.077303094751665,21.30034687490658,97.55746817568708,382.6,97.55342044205857,127.55486654884105,79.25957088767353,75.0,44.22843256379101,41.87689175772691,11.357816891580404,34.23557254730108,129.92962652096526,141.594610691575,47.412705090450146,100.0,54.47549615228837,11.439974017105747,6.372990027260947,24.675531365330922,174.61068466999606,93.92466585662211,84.3871975019516,0.0,0.0,0.0,1,1,1,0,0.05493174,-0.89013654,0.89013654,-0.2145492312212545,0.2145492312212545,-0.06652618646621704
313,ALCARAZ,ALCARAZ,3,WINNER,2nd Serve,80,30.0,Right,7.038529411764706,8.248235294117647,16.650000000000002,22.740000000000002,21.02745918623638,57.06598992993379,187.28754310776944,696.8693333333327,4.107132352941176,5.7930882352941175,8.64,14.850000000000001,9.658216789150647,16.669400450890556,83.59702642021722,289.5999999999998,67.59729556914546,67.59729556914546,61.043331931005476,100.0,26.609963547995143,0.0,0.0,0.0,149.31849824946673,149.31849824946673,60.70677324358436,100.0,69.62332928311056,0.0,0.0,0.0,149.69827483179495,94.65370595382745,71.42857142857143,0.0,0.0,0.0,2,1,1,1,0.9968304,0.9936608,-0.9936608,0.02709277654490809,-0.02709277654490809,-0.03406575918197632
314,ALCARAZ,ALCARAZ,9,WINNER,2nd Serve,72,40.0,Right,7.761093750000001,7.960446428571429,18.23399999999999,22.68,16.722584669173113,31.70271569573652,212.69386423220976,798.6159999999995,4.524308035714285,3.6731249999999998,11.16,9.593999999999992,7.588356384190374,13.392472515417825,41.82787531210986,136.24999999999977,119.64358685879932,140.9750138127142,67.45898190997055,100.0,28.61482381530984,19.797182862748304,8.843442428595328,17.194376303869877,118.97787382608007,149.20283316716484,62.68405553218342,75.0,70.04860267314703,48.45921244946471,31.37687835481347,23.942572494647923,151.69745895738822,51.88335358444714,69.86729117876659,0.0,0.0,0.0,2,1,1,1,0.9914977,0.9829954,-0.9829954,0.21827329941433232,-0.21827329941433232,0.02161164879798889
315,ALCARAZ,SINNER,6,WINNER,1st Serve,67,50.0,Right,6.795816062176166,8.21417098445596,15.84,20.79,18.102754270910655,35.36757986457956,170.35786829126778,653.6139999999982,7.261398963730572,4.5760103626943005,17.19,12.51,10.291262784705435,18.145053244214402,63.39966818973021,208.79999999999976,140.5311499517104,148.5507022600353,88.24849249754591,33.33333333333333,76.75172134467395,7.872287224336385,10.239605631793408,22.903069662803542,76.47154174168122,88.14898229845518,92.80605805637359,100.0,45.808019441069256,16.51439480919536,7.4369665669599,15.465275894724002,175.39580875758656,79.82989064398542,73.30210772833723,0.0,0.0,0.0,1,1,1,0,0.034186378,-0.9316273,0.9316273,-0.011706815180448266,0.011706815180448266,0.02452380061149597
317,ALCARAZ,ALCARAZ,6,ERROR,1st Serve,80,40.0,Right,10.76524844720497,7.3602484472049685,22.680000000000003,20.747999999999994,19.309578685177097,32.520988021547296,192.65513801811218,762.5279999999993,3.3795652173913053,6.9678260869565225,8.981999999999994,20.880000000000003,9.770588413086124,22.089891504455778,88.97163444792756,315.0999999999997,115.10332692819276,121.24341956561213,73.32772402187632,0.0,22.600243013365734,8.683402282065673,18.562668551131914,26.290969021030808,125.3080796550577,142.99238230121006,70.59318468657972,50.0,82.98906439854193,25.00938064329908,1.3684018483206133,3.780400774265862,190.59150988245617,77.15674362089915,103.43481654957066,0.0,0.0,0.0,1,1,1,1,0.98477954,0.9695591,-0.9695591,0.1845463625452777,-0.1845463625452777,0.06930568814277649
318,ALCARAZ,ALCARAZ,2,RETURN WINNER,1st Serve,72,40.0,Right,4.9350000000000005,11.405526315789476,12.654,27.138,15.933069180700508,27.88361387517859,224.13939682539683,914.4055555555555,5.2650000000000015,4.431315789473685,12.095999999999998,16.055999999999997,10.291719768404276,21.339628416442743,119.16200396825396,476.27499999999884,0.0,0.0,0.0,0.0,0.0,0.0,0.0,0.0,0.0,0.0,0.0,0.0,0.0,0.0,0.0,0.0,196.09851150242926,86.63426488456865,97.50195160031225,0.0,0.0,0.0,1,1,1,1,0.97295344,0.9459069,-0.9459069,0.33681846553976225,-0.33681846553976225,0.06852991580963134
319,ALCARAZ,ALCARAZ,3,WINNER,2nd Serve,67,50.0,Right,4.145142857142858,9.104000000000001,11.160000000000002,24.552,13.664767780328848,26.079977928555852,161.17835103485842,506.95531250000033,3.958,4.426571428571429,9.0,10.44,7.639424826721403,12.14455257811177,46.287649782135084,149.24999999999991,110.39356188173167,110.39356188173167,41.10222970130417,0.0,0.3645200486026731,0.0,0.0,0.0,159.11811821626964,159.11811821626964,77.1140092553639,100.0,64.03402187120292,0.0,0.0,0.0,155.93030088815485,62.575941676792226,97.34582357533176,0.0,0.0,0.0,2,1,1,1,0.9933808,0.98676157,-0.98676157,0.4668070864271712,-0.4668070864271712,0.16377572417259217
320,SINNER,SINNER,6,ERROR,2nd Serve,77,60.0,Right,4.4165625,8.31075,11.52,20.898000000000007,14.849180897299743,28.55973295267238,179.49018094987736,746.1999999999998,5.087999999999999,4.0014375,12.24,10.079999999999998,8.504864737803691,15.711663597151501,40.88863696109359,140.14999999999995,123.81440895704182,126.95501557014565,58.4350021034918,0.0,60.02430133657351,4.441488466330054,11.899146507135844,27.66566021167294,132.2039635028933,139.01655634067993,79.04922170803533,100.0,48.8456865127582,9.634461186123685,3.569743952140757,30.758715390617738,0.0,0.0,0.0,151.9098463324676,20.291616038882136,84.5433255269321,2,1,0,0,0.069413684,-0.8611726,0.8611726,0.20121114584538072,-0.20121114584538072,0.07221057713031769
321,SINNER,ALCARAZ,6,WINNER,1st Serve,67,50.0,Left,5.708018018018018,9.450270270270272,14.903999999999993,25.343999999999994,26.190916807355396,37.86826910581048,162.7282681235372,758.0560000000007,5.924234234234235,3.9773873873873873,14.040000000000001,11.52,8.930473890101212,16.33714999459498,57.95124684343435,181.45000000000013,82.91998217700493,90.8640938766031,63.69373159444679,50.0,64.6415552855407,11.234670506578537,17.194266702811294,45.53664569002068,83.74014001711673,128.75189955874876,52.65741130276259,33.33333333333333,57.79667881733496,39.0423274316947,35.83503915863293,41.402469852784655,0.0,0.0,0.0,202.91471623941572,78.85783718104496,100.46838407494145,1,0,0,1,0.9615598,0.92311954,-0.92311954,0.3455928256728867,-0.3455928256728867,0.07095417082309723
322,SINNER,SINNER,8,ERROR,2nd Serve,67,60.0,Right,5.761092233009709,7.22876213592233,14.4,18.84599999999999,14.257745221792554,29.40381242263997,149.82974088562892,624.7279999999992,7.305910194174757,4.7386893203883504,14.561999999999996,14.040000000000003,10.873430978913511,21.4347987192365,86.59308357104048,322.99999999999955,111.2816421348361,136.4266838221118,67.5501332211471,33.33333333333333,28.392061563385983,23.78761309577561,11.166299240445543,15.273797630996985,154.32928843662336,168.32536501250152,92.82008133501614,50.0,49.0481976508708,17.665300650104033,12.595777259939265,36.697700394707795,0.0,0.0,0.0,145.2067231835856,28.311057108140947,71.89695550351288,2,1,0,0,0.10444748,-0.79110503,0.79110503,0.11825325414487668,-0.11825325414487668,0.07554225325584411
323,SINNER,ALCARAZ,6,WINNER,2nd Serve,67,60.0,Left,5.841999162128194,6.335806451612904,18.0,19.080000000000002,15.74527626226049,32.9359128712304,110.47668156288157,447.7345599999998,6.883020527859238,3.7496480938416425,19.8,12.599999999999998,9.133655258256383,20.907844059853726,70.2387255506246,318.96249999999986,121.08406999053514,141.19015032379895,77.61884728649558,50.0,71.81044957472662,28.43429149346464,1.6658805109990205,21.651386252613605,121.10447342027169,133.73473659392982,63.53947552937877,66.66666666666666,61.92790603483192,13.319589532685404,10.781813082516184,26.416271974407152,0.0,0.0,0.0,128.07444128595063,66.22114216281896,67.52537080405932,2,0,0,1,0.91848135,0.8369627,-0.8369627,0.26199514329392876,-0.26199514329392876,0.07568020820617676
324,SINNER,SINNER,3,WINNER,1st Serve,77,60.0,Right,3.3792857142857144,10.17548076923077,7.92,21.50742857142857,16.02820106458089,30.402121205059576,184.30992285197908,693.6799999999998,6.071250000000001,3.795288461538462,11.52,7.92,8.213700398736249,13.752744019029246,38.509711908690875,112.24999999999997,0.0,0.0,0.0,100.0,0.0,0.0,0.0,0.0,0.0,0.0,0.0,0.0,0.0,0.0,0.0,0.0,0.0,0.0,0.0,213.9505704054011,25.15188335358445,84.07494145199064,1,1,0,0,0.009861373,-0.98027724,0.98027724,0.013540666579875606,-0.013540666579875606,0.0762114554643631
326,ALCARAZ,ALCARAZ,5,WINNER,1st Serve,77,50.0,Right,9.479518716577541,5.585775401069519,22.46399999999999,16.451999999999998,13.764289271780019,25.996807287853237,134.3802875905797,541.4889999999999,2.8172727272727274,10.89866310160428,8.28,24.12,17.49749872150847,38.35132238151388,224.80858431461354,838.0625000000001,136.3721265267627,137.41188336924918,62.22128733697938,100.0,36.81652490886999,1.47043822821461,0.0,0.0,83.54627301566647,116.76452474767963,59.2763988220446,50.0,54.55650060753341,46.977702117736555,36.88735417212112,21.30771345495307,198.8136389186732,91.73754556500607,98.75097580015613,0.0,0.0,0.0,1,1,1,1,0.9902333,0.9804666,-0.9804666,0.2069258541104582,-0.2069258541104582,0.1734304815530777
327,ALCARAZ,SINNER,1,Ace,2nd Serve,67,60.0,Left,0.0,7.2,0.0,7.2,7.2,7.2,0.0,0.0,1.8,3.6,1.8,3.6,4.024922359499622,4.024922359499622,0.0,0.0,0.0,0.0,0.0,0.0,0.0,0.0,0.0,0.0,0.0,0.0,0.0,0.0,0.0,0.0,0.0,0.0,105.24686517111351,122.60024301336574,154.3325526932084,0.0,0.0,0.0,2,0,1,0,0.06752684,-0.8649463,0.8649463,-0.007448577861993613,0.007448577861993613,0.1785397469997406
329,ALCARAZ,ALCARAZ,3,WINNER,1st Serve,81,40.0,Left,2.0903225806451613,2.4314516129032264,5.939999999999981,3.6,3.8749003851101045,9.27994662411889,14.224733700642794,46.36666666666666,2.805725806451613,9.604838709677416,8.165249999999993,23.4,101.81342147550343,458.2049652879335,169.42992596418728,808.9375000000001,122.87753809919607,122.87753809919607,46.65544804375263,100.0,7.897934386391252,0.0,0.0,0.0,181.24324526211325,181.24324526211325,88.72528397139251,0.0,81.77399756986634,0.0,0.0,0.0,184.07556944437394,76.67071688942892,76.89305230288836,0.0,0.0,0.0,1,0,1,1,0.9753356,0.9506712,-0.9506712,0.18417537690718253,-0.18417537690718253,0.179058301448822
330,ALCARAZ,ALCARAZ,6,ERROR,1st Serve,77,40.0,Right,7.067844827586206,8.156637931034481,16.073999999999995,25.676999999999992,13.793128601562268,32.54160327927193,150.7935,522.2822222222221,4.251810344827587,7.04,10.673999999999992,20.393999999999995,12.500314781127607,25.634351002018807,141.3531803542673,611.9777777777776,107.98682267979541,115.86965666689761,73.28565418594867,100.0,31.956257594167678,11.148010734495523,15.052420331526836,41.24073571926401,85.19314866398918,136.39337878741495,64.2406394615061,0.0,58.68772782503038,72.4080598371722,0.0,0.0,203.69647940814494,48.48116646415553,102.65417642466824,0.0,0.0,0.0,1,1,1,1,0.9870574,0.9741148,-0.9741148,0.3421632566572768,-0.3421632566572768,0.18352095484733583
331,ALCARAZ,ALCARAZ,4,ERROR,1st Serve,72,50.0,Left,4.574927536231884,6.358550724637682,11.771999999999995,19.47599999999999,9.31843428648573,21.012029577787462,94.81844022331154,334.41199999999986,2.911739130434783,8.2408115942029,7.163999999999998,21.56727272727272,39.580032115658696,217.42303802941484,169.348766553683,665.9796874999996,72.28673717402621,122.32492013850957,57.50946571308372,50.0,86.02673147023086,70.76467698487872,66.04026311460393,22.51056824676494,109.64777036976234,109.64777036976234,48.25410180900295,0.0,13.730255164034022,0.0,0.0,0.0,186.15657842692127,73.51154313487241,70.96018735362998,0.0,0.0,0.0,1,0,1,1,0.93457013,0.86914027,-0.86914027,0.44755865880024776,-0.44755865880024776,0.27064224481582644
332,SINNER,SINNER,5,WINNER,2nd Serve,82,50.0,Right,4.388023255813954,6.334302325581396,11.897999999999996,16.2,9.530947513919747,19.040001804942538,96.63141448801741,456.7419999999997,5.8843023255813955,5.818720930232559,14.147999999999984,14.867999999999984,10.349893121983554,19.08250575181493,77.55076933551197,272.0499999999999,150.35888708334832,159.607505273589,78.12368531762726,50.0,78.37181044957472,13.079521277848874,6.9015049741387875,21.651386252613605,122.34804149651646,136.05519363807326,60.62263357172907,50.0,44.106925880923455,19.384840460101056,1.3089061157849418,43.99011810054829,0.0,0.0,0.0,151.82647573499634,23.450789793438638,82.82591725214677,2,1,0,0,0.047057968,-0.9058841,0.9058841,0.17687010962305338,-0.17687010962305338,0.21002639830112457
335,SINNER,SINNER,3,WINNER,1st Serve,72,40.0,Left,7.296818181818182,6.5729999999999995,21.605999999999998,20.915999999999997,12.478637457298477,25.163079454439742,147.88919132917965,544.3879999999988,6.182272727272728,9.830454545454545,15.479999999999997,21.43799999999999,56.57007946195527,179.06596216593474,284.5215796988577,1046.8500000000008,120.18927672385679,120.18927672385679,48.92721918384518,100.0,56.014580801944106,0.0,0.0,0.0,106.04119150505764,106.04119150505764,44.215397559949515,100.0,97.32685297691373,0.0,0.0,0.0,0.0,0.0,0.0,202.3330802539355,80.07290400972053,75.01951600312256,1,0,0,0,0.07117055,-0.85765886,0.85765886,-0.03003568491508274,0.03003568491508274,0.11792786419391632
336,ALCARAZ,ALCARAZ,4,ERROR,2nd Serve,82,40.0,Right,9.271333964049196,8.484039735099335,19.440000000000005,20.15999999999999,70.43618382117612,376.94526617824266,210.55026820689733,721.8510000000012,5.77430463576159,5.154238410596026,12.960000000000003,13.680000000000001,9.781283653697322,17.33584424188124,88.22365334084084,313.5250000000001,123.93222917105571,123.93222917105571,58.4350021034918,0.0,62.575941676792226,0.0,0.0,0.0,123.05346112735711,123.05346112735711,82.41480858224652,100.0,45.808019441069256,0.0,0.0,0.0,172.28391438182643,41.19076549210207,75.33177205308353,0.0,0.0,0.0,2,1,1,1,0.9589229,0.91784585,-0.91784585,0.1595406211124285,-0.1595406211124285,0.21241983473300935
337,ALCARAZ,SINNER,3,ERROR,1st Serve,72,40.0,Left,5.98983870967742,10.323048387096774,19.7415,23.706,33.88098925714629,98.96555936241893,203.9248250331599,714.4543209876546,3.8455645161290324,5.295483870967741,10.745999999999999,13.266,8.501901890162438,14.981521022070936,67.78978707529843,205.24999999999994,115.5240251607788,115.5240251607788,74.67395877156079,0.0,42.64884568651276,0.0,0.0,0.0,0.0,0.0,0.0,0.0,0.0,0.0,0.0,0.0,176.17176657771878,72.05346294046173,75.487900078064,0.0,0.0,0.0,1,0,1,0,0.023678875,-0.95264226,0.95264226,-0.06289595550645008,0.06289595550645008,0.20929454863071442
338,ALCARAZ,ALCARAZ,1,Ace,1st Serve,72,40.0,Right,3.3,0.3000000000000007,3.3,0.3000000000000007,34.38895171417704,34.38895171417704,0.0,0.0,3.6,3.6,3.6,3.6,5.091168824543142,5.091168824543142,0.0,0.0,0.0,0.0,0.0,0.0,0.0,0.0,0.0,0.0,0.0,0.0,0.0,0.0,0.0,0.0,0.0,0.0,218.9478060923104,4.0097205346294045,97.50195160031225,0.0,0.0,0.0,1,1,1,1,0.9352028,0.87040555,-0.87040555,0.12376434654912467,-0.12376434654912467,0.20313178598880768
339,ALCARAZ,ALCARAZ,2,RETURN WINNER,1st Serve,72,50.0,Left,1.4575609756097563,5.892439024390245,4.680000000000001,13.319999999999999,8.71448806249912,13.541945934880667,65.02432748538011,202.995,1.8775609756097558,4.635365853658537,3.6,10.440000000000001,6.342813621436674,12.012884507559534,51.45403874269007,260.25,0.0,0.0,0.0,0.0,0.0,0.0,0.0,0.0,0.0,0.0,0.0,0.0,0.0,0.0,0.0,0.0,203.26460941208893,36.087484811664645,89.38329430132708,0.0,0.0,0.0,1,0,1,1,0.9111279,0.82225585,-0.82225585,0.2634626472069512,-0.2634626472069512,0.19509480893611908
340,ALCARAZ,SINNER,4,WINNER,1st Serve,72,50.0,Right,7.993136094674556,10.673431952662723,16.991999999999997,22.9008,18.948971712220285,35.70949714649608,226.5685395582329,863.0844444444442,2.223372781065089,4.243846153846154,4.895999999999998,12.240000000000002,6.232283026304548,12.661989538119855,33.91684446117805,156.18749999999997,123.25987495857598,124.11245687227266,97.85443836769036,50.0,49.088699878493316,1.2057329053838648,0.535461592821113,61.34559438240521,86.75922250059836,86.75922250059836,53.38662179217501,100.0,4.0097205346294045,0.0,0.0,0.0,203.33914364609916,81.77399756986634,96.56518345042934,0.0,0.0,0.0,1,1,1,0,0.033331513,-0.933337,0.933337,0.024102723127499354,-0.024102723127499354,0.1950093239545822
341,ALCARAZ,ALCARAZ,2,RETURN WINNER,2nd Serve,77,40.0,Left,1.1413636363636364,7.4502272727272745,2.88,16.506000000000004,10.98728029423447,18.82579815801419,121.85905826558266,377.5200000000002,1.4188636363636364,7.587272727272728,3.906,19.890000000000004,10.850415307365672,23.941899712116925,178.06101795392954,813.9999999999999,0.0,0.0,0.0,0.0,0.0,0.0,0.0,0.0,0.0,0.0,0.0,0.0,0.0,0.0,0.0,0.0,151.4449202519384,63.30498177399757,72.52146760343481,0.0,0.0,0.0,2,0,1,1,0.8481721,0.69634426,-0.69634426,0.15855102978221192,-0.15855102978221192,0.18134858310222626
342,SINNER,SINNER,3,WINNER,1st Serve,87,40.0,Right,2.623388429752066,10.55082644628099,7.2,24.84,17.30456837521273,37.3848626798255,248.96011906779663,1049.3204799999978,8.4200826446281,3.729669421487604,15.48,9.360000000000001,10.660293798526183,17.868577550900543,61.92074211393597,224.2249999999997,148.18589024817376,148.18589024817376,70.4669751787968,0.0,86.87727825030377,0.0,0.0,0.0,102.50121112643215,102.50121112643215,81.82583087925957,100.0,0.850546780072904,0.0,0.0,0.0,0.0,0.0,0.0,194.94880090582137,92.2235722964763,76.11241217798595,1,1,0,0,0.022769444,-0.9544611,0.9544611,-0.06405139571768756,0.06405139571768756,0.08633018434047698
343,SINNER,SINNER,3,WINNER,1st Serve,77,40.0,Left,4.603359375,7.425703125,10.080000000000002,23.13899999999999,11.930954247130064,26.619989631294615,124.76560777777779,404.6120000000001,7.468828125,4.93359375,15.587999999999994,11.16,10.70795720545155,19.653813173068702,86.469125,236.8,125.16367131840768,125.16367131840768,53.47076146403029,0.0,55.28554070473876,0.0,0.0,0.0,79.40412326507804,79.40412326507804,67.69036600757256,100.0,59.902794653705946,0.0,0.0,0.0,0.0,0.0,0.0,214.4334388302585,96.8408262454435,97.0335675253708,1,0,0,0,0.36088327,-0.27823347,0.27823347,-0.10688781028066252,0.10688781028066252,0.023080432415008546
344,SINNER,ALCARAZ,8,WINNER,2nd Serve,77,40.0,Right,6.211041939711664,6.162660550458716,15.840000000000003,16.611428571428572,12.908301514142718,25.36583259080129,107.20211903583606,347.61999999999995,4.985022935779816,4.82098623853211,13.410000000000002,13.050000000000002,9.188743376476408,18.67779451524316,71.96799878111368,239.49999999999977,117.38900303242245,120.86732348303994,65.36250175290984,33.33333333333333,48.72417982989064,5.516774231667172,11.669154313462291,29.62272124506932,152.681162685094,176.19109446287226,81.80479596129575,75.0,56.804374240583236,15.976224048586444,9.544662114073521,11.832821284419152,0.0,0.0,0.0,128.41340262800443,15.188335358444716,88.75878220140515,2,1,0,1,0.9512432,0.90248644,-0.90248644,0.09498704047938851,-0.09498704047938851,0.11126338541507722
345,SINNER,SINNER,2,RETURN WINNER,1st Serve,77,50.0,Left,2.511,10.65,5.435999999999998,24.75,15.627398207337924,42.21090163379238,200.1884346846847,893.4307777777749,5.99775,4.407,14.040000000000001,9.053999999999998,9.678108111452248,14.70512889972728,60.689939939939954,176.5888888888889,0.0,0.0,0.0,0.0,0.0,0.0,0.0,0.0,0.0,0.0,0.0,100.0,0.0,0.0,0.0,0.0,0.0,0.0,0.0,202.62731141547258,11.057108140947753,91.2568306010929,1,0,0,0,0.018798167,-0.96240366,0.96240366,-0.11649109862692628,0.11649109862692628,0.016987225413322447
347,ALCARAZ,SINNER,5,ERROR,1st Serve,92,40.0,Right,7.237990654205608,4.931635514018691,16.325999999999997,14.651999999999997,11.165451965060846,20.44351803956203,68.44517969984201,232.7000000000001,4.241635514018692,8.089205607476636,15.965999999999998,19.8,14.545184284197097,26.70038025588323,151.83316877303844,489.37500000000017,136.71260625434394,142.5865121193278,83.17206562894404,100.0,52.36938031591737,8.306957338363073,7.853436694709661,40.89706292160348,103.9916402003498,103.9916402003498,49.09549852755574,0.0,13.24422843256379,0.0,0.0,0.0,201.77542722444008,85.66221142162819,94.53551912568307,0.0,0.0,0.0,1,1,1,0,0.011757425,-0.97648513,0.97648513,-0.28848990553575743,0.28848990553575743,0.007718220353126526
348,ALCARAZ,SINNER,3,ERROR,2nd Serve,92,40.0,Left,5.868673469387754,4.869489795918367,13.121999999999991,22.098,10.235832587266868,33.80666799365348,78.45283333333332,232.6003333333332,4.824795918367347,8.815102040816326,12.6,25.29257142857142,15.297038874912705,38.56893078748096,173.1973501014441,679.0437499999998,132.1957414403582,132.1957414403582,70.55111485065208,100.0,57.95868772782503,0.0,0.0,0.0,0.0,0.0,0.0,100.0,0.0,0.0,0.0,0.0,163.31099450827716,93.681652490887,84.85558157689306,0.0,0.0,0.0,2,0,1,0,0.009401055,-0.9811979,0.9811979,-0.42703150315251354,0.42703150315251354,-0.08318980932235717
349,ALCARAZ,ALCARAZ,6,ERROR,2nd Serve,96,30.0,Right,6.525053763440861,6.503118279569892,20.591999999999977,16.919999999999998,11.595786591519657,23.775485318967615,102.91608444041869,321.62,5.121075268817204,8.019354838709678,14.4,22.104,16.83465232638851,36.59724081681224,187.73007950885668,895.5625,112.34219127411342,117.90730917109154,65.46066470340766,100.0,44.714459295261236,7.8702652061116884,7.317975101888548,31.102388188278272,124.26888361097244,130.6074164064853,62.72612536811107,50.0,64.15552855407049,8.964039044960938,36.53037977690705,0.17183639883026233,164.2429095351545,39.97569866342649,71.58469945355192,0.0,0.0,0.0,2,1,1,1,0.81963974,0.6392795,-0.6392795,-0.21376930557224272,0.21376930557224272,-0.0022119730710983276
350,ALCARAZ,SINNER,6,WINNER,1st Serve,96,30.0,Left,4.98371052631579,7.461552631578948,14.76,24.84,11.82920465819119,30.04983566731906,117.67552911877397,475.64399999999995,4.497000000000001,7.387342105263157,9.738000000000005,19.170000000000023,12.940892017207963,25.659661060966094,140.17362032124962,544.6555555555552,92.82947491932556,133.56518966574382,62.95049782639182,100.0,39.65168084244633,49.783296411985695,34.78565780622546,10.48436755762718,88.33926054873172,127.67692627451324,31.594446781657552,0.0,41.19076549210207,55.63186038149948,11.185197716707691,20.276695061971477,175.31937647157324,76.18469015795868,76.73692427790787,0.0,0.0,0.0,1,0,1,0,0.08826106,-0.82347786,0.82347786,-0.33571101731088265,0.33571101731088265,-0.09240919649600983
352,SINNER,SINNER,1,Ace,1st Serve,92,20.0,Right,1.8,1.8,1.8,1.8,2.545584412271571,2.545584412271571,0.0,0.0,3.6,16.2,3.6,16.2,16.595180023127195,16.595180023127195,0.0,0.0,0.0,0.0,0.0,0.0,0.0,0.0,0.0,0.0,0.0,0.0,0.0,0.0,0.0,0.0,0.0,0.0,0.0,0.0,0.0,192.43945876817062,99.02794653705953,97.34582357533176,1,1,0,0,0.0829946,-0.8340108,0.8340108,-0.43537096982023327,0.43537096982023327,-0.09086242020130157
353,SINNER,ALCARAZ,4,WINNER,1st Serve,82,20.0,Left,4.085259740259741,5.899090909090909,9.360000000000001,15.731999999999996,9.134520029054244,20.0559919538935,91.21846026490066,350.35,6.879613212874081,9.353207227555053,12.239999999999998,20.051999999999996,50.382958636288144,252.5032889980339,172.60901025078596,585.7499999999999,106.97728621910711,106.97728621910711,77.36642827092975,0.0,55.04252733900364,0.0,0.0,0.0,142.47236829564753,151.61346685403814,65.25031552376944,50.0,52.24787363304982,12.927465556265167,12.970069692778065,55.503156822176145,0.0,0.0,0.0,206.0764796217272,18.59052247873633,70.80405932864949,1,0,0,1,0.98937094,0.9787419,-0.9787419,-0.15254839900987308,0.15254839900987308,-0.08945888578891754
354,SINNER,SINNER,1,Ace,1st Serve,82,30.0,Right,0.0,5.4,0.0,5.4,5.4,5.4,0.0,0.0,1.8,10.8,1.8,10.8,10.948972554536796,10.948972554536796,0.0,0.0,0.0,0.0,0.0,0.0,0.0,0.0,0.0,0.0,0.0,0.0,0.0,0.0,0.0,0.0,0.0,0.0,0.0,0.0,0.0,206.05945863468364,99.75698663426489,89.53942232630757,1,1,0,0,0.021218847,-0.9575623,0.9575623,-0.3135511846848883,0.3135511846848883,-0.18604274094104767
355,SINNER,SINNER,2,RETURN WINNER,1st Serve,82,20.0,Left,3.0677142857142856,7.5,7.308,18.828000000000003,10.4883033395378,19.68535433737519,157.7496961805556,656.4089999999999,4.468000000000002,11.98542857142857,12.183428571428568,25.127999999999997,91.61675288225207,231.0811314866785,245.8216170438083,631.8000000000002,0.0,0.0,0.0,0.0,0.0,0.0,0.0,0.0,0.0,0.0,0.0,0.0,0.0,0.0,0.0,0.0,0.0,0.0,0.0,224.84498409059202,24.4228432563791,90.00780640124903,1,0,0,0,0.052880157,-0.89423966,0.89423966,-0.42968888056346244,0.42968888056346244,-0.27421173751354216
356,SINNER,ALCARAZ,7,ERROR,2nd Serve,82,20.0,Right,4.871871657754011,4.982967914438503,12.00599999999999,13.320000000000002,8.918947687440525,17.19796852432712,64.0715502395927,192.14000000000004,7.667326203208557,6.869358288770054,18.0,19.20599999999999,13.956534655284587,24.639952089731796,119.18354840521113,423.4999999999999,123.63703112258062,140.52356780340057,75.89398401346234,0.0,70.83839611178615,23.88116919552631,16.361326447311786,30.58687899178747,140.17966188411708,157.8513130205875,71.16813911092413,0.0,29.36411502632645,15.93804364804867,14.66357594227545,22.37879108926612,0.0,0.0,0.0,147.1639487675845,34.87241798298906,93.2864949258392,2,1,0,1,0.90756357,0.81512713,-0.81512713,-0.18072567758614588,0.18072567758614588,-0.1881611764431
357,SINNER,ALCARAZ,3,ERROR,2nd Serve,87,30.0,Left,4.748239436619718,6.528169014084507,11.88,17.6355,10.308270494396622,19.955749054769107,85.74120903277378,214.52599999999995,6.705845070422536,7.111056338028169,16.84799999999998,21.74399999999995,15.218524968487657,30.416136928297878,187.0443395283773,908.7277777777778,0.0,0.0,0.0,0.0,0.0,0.0,0.0,0.0,119.53942293079545,119.53942293079545,61.96886832141355,0.0,44.349939246658565,0.0,0.0,0.0,0.0,0.0,0.0,135.18135384274999,76.18469015795868,75.17564402810304,2,0,0,1,0.9821698,0.9643396,-0.9643396,0.04828738071398131,-0.04828738071398131,-0.09706125259399415
358,SINNER,SINNER,13,WINNER,1st Serve,92,40.0,Right,5.973832923832924,5.430589680589681,14.040000000000001,15.24599999999997,9.997764620789734,19.681725315640442,84.57000034251269,278.4599999999999,7.240724815724817,7.869250614250615,15.965999999999969,19.439999999999998,14.950600829011439,26.633866065643748,153.50605819290314,513.25,148.7343611488711,166.67552630899283,79.96073481980086,83.33333333333334,67.23369785338194,10.807285998592258,9.567005057558273,25.362221988770127,98.15734446465343,147.19580460415563,67.24162109101108,100.0,52.89590927501012,29.921886597450772,22.374930995787736,26.45942054703995,0.0,0.0,0.0,240.31866988773763,12.75820170109356,93.44262295081968,1,1,0,0,0.09008332,-0.81983334,0.81983334,-0.12533676308094516,0.12533676308094516,-0.18394521176815032
359,SINNER,ALCARAZ,4,WINNER,1st Serve,87,40.0,Right,9.84857142857143,7.075714285714287,23.112,15.407999999999985,15.483225115038051,29.549320148453084,163.27115784008308,608.1269999999994,4.041705069124424,10.52646837033934,10.8,24.858,19.522858822820066,65.53206846626095,205.5794021754289,776.3249999999999,43.98466725139582,43.98466725139582,18.300378628523347,100.0,5.710814094775213,0.0,0.0,0.0,139.63096769079974,154.14266482048302,57.34118636937316,50.0,83.23207776427702,20.522638893848807,7.0204964392101505,21.651386252613605,0.0,0.0,0.0,216.82056655541072,19.562575941676794,83.91881342701015,1,1,0,1,0.9923137,0.98462737,-0.98462737,0.09665606274843974,-0.09665606274843974,-0.08708173036575317
360,SINNER,SINNER,4,ERROR,1st Serve,92,40.0,Right,5.465087719298246,5.39842105263158,12.060000000000002,13.500000000000002,10.016124313535483,17.864142776250574,86.25521494708994,294.5670000000001,7.999298245614035,6.366666666666667,16.2,17.82,14.092681220575882,29.88165595713936,127.56655092592592,590.0437499999999,163.33735195376244,163.33735195376244,83.42448464450989,100.0,78.37181044957472,0.0,0.0,0.0,100.65387358634872,100.65387358634872,52.376945729911654,100.0,37.30255164034022,0.0,0.0,0.0,0.0,0.0,0.0,212.46769478809517,30.741190765492103,86.10460577673692,1,1,0,0,0.006006804,-0.9879864,0.9879864,-0.1202724269657075,0.1202724269657075,-0.18000132739543914
362,ALCARAZ,ALCARAZ,8,WINNER,1st Serve,92,40.0,Right,9.3905,7.039583333333334,20.520000000000003,20.178000000000008,16.37976492529455,31.718042203235917,199.52257780890136,800.7479999999995,4.10475,6.159333333333335,11.52,18.0,9.161269414608212,19.362966835753614,73.51948626672892,265.90000000000003,100.93575811841806,135.78134933745235,53.47076146403029,0.0,1.0935601458080195,32.478253131304236,0.0,0.0,116.86094916435229,167.09463948073403,61.632309633992435,0.0,54.191980558930744,56.91360129998177,23.92981180891295,19.352267825678883,0.0,0.0,0.0,117.56495911100102,11.300121506682867,48.590660496424064,1,1,1,1,0.99681795,0.9936359,-0.9936359,0.10250923700104246,-0.10250923700104246,-0.17143232524394988
363,ALCARAZ,SINNER,3,ERROR,2nd Serve,82,50.0,Left,5.012647058823528,10.044000000000004,9.4932,24.354000000000006,146.30703887116175,392.5192526680598,137.56324761406867,683.3341230769232,2.157176470588236,5.974588235294118,6.12,13.823999999999995,8.325556204431384,16.51841744602966,90.67820545392955,253.63750000000013,190.08380083211134,190.08380083211134,77.45056794278501,100.0,39.24665856622114,0.0,0.0,0.0,0.0,0.0,0.0,100.0,0.0,0.0,0.0,0.0,170.3249930508439,78.61482381530985,87.97814207650273,0.0,0.0,0.0,2,0,1,0,0.002205624,-0.9955888,0.9955888,-0.11711036628905869,0.11711036628905869,-0.17454491555690765
364,ALCARAZ,SINNER,7,ERROR,2nd Serve,82,40.0,Right,4.694999999999999,7.888945945945945,10.8,21.078000000000007,12.069759742689667,23.021792683180756,110.88476536481987,402.37600000000003,7.14908108108108,6.734756756756757,18.72,22.419,12.243407680895801,31.255124774956503,125.45061307901908,592.7999999999997,105.07957447341391,161.09212388607645,65.110082737344,66.66666666666666,71.32442284325639,64.70367354169782,29.68167303239769,10.886890296282926,77.83796541095975,80.82284797527511,58.771560790912915,100.0,9.842041312272176,4.221261404545749,16.30183071477611,7.560801548531737,164.46658481601568,16.889428918590525,95.0039032006245,0.0,0.0,0.0,2,1,1,0,0.0070090406,-0.98598194,0.98598194,-0.2908846812758759,0.2908846812758759,-0.258661225438118
365,ALCARAZ,ALCARAZ,4,ERROR,1st Serve,96,40.0,Left,8.877640449438207,9.521123595505617,17.334000000000007,23.4,30.511187162817272,124.95437376879589,265.7828017492712,973.4204999999993,4.244662921348315,5.9580337078651695,9.72,15.12,9.210587168582029,16.622771441747204,75.81858134920635,264.59999999999974,111.305499643078,111.305499643078,54.143878838872524,100.0,33.41433778857837,0.0,0.0,0.0,126.22888636607864,126.22888636607864,62.137147665124104,100.0,55.28554070473876,0.0,0.0,0.0,195.90769632432082,74.96962332928311,66.43247462919594,0.0,0.0,0.0,1,0,1,1,0.9949927,0.98998535,-0.98998535,-0.03471067566187498,0.03471067566187498,-0.1614389032125473
366,ALCARAZ,ALCARAZ,5,WINNER,2nd Serve,92,50.0,Right,7.345601503759398,8.392330827067669,14.67,21.87,16.210407451502633,29.53634491978172,190.59331168145332,775.6319999999998,6.996428571428572,5.9348120300751885,16.919999999999998,16.47,11.213043966378114,19.9952816096148,93.5311245775243,318.87499999999994,113.77700953262669,134.59933297807962,70.8876735380732,100.0,71.68894289185906,29.44721221667879,10.828223321493617,18.38649467483854,104.63882776038164,131.45793932215432,77.87126630206143,50.0,89.06439854191981,37.927951301455984,16.658805109990176,13.05956631110027,145.26508321249275,56.014580801944106,84.23106947697111,0.0,0.0,0.0,2,1,1,1,0.9692599,0.93851984,-0.93851984,0.15993542656492146,-0.15993542656492146,-0.10060123801231384
367,ALCARAZ,SINNER,2,RETURN WINNER,2nd Serve,87,50.0,Left,6.181363636363637,9.618506493506503,19.278,22.09200000000003,266.018339967039,414.05263323001117,266.0827384178604,1076.6025170068046,1.4938636363636362,2.621590909090909,4.212000000000001,7.8660000000000005,4.200276174577499,8.34648870535143,16.021002710027098,51.249999999999986,114.88982063603613,114.88982063603613,99.74758098443417,100.0,91.25151883353585,0.0,0.0,0.0,0.0,0.0,0.0,0.0,0.0,0.0,0.0,0.0,156.4641732141036,90.76549210206562,83.60655737704919,0.0,0.0,0.0,2,0,1,0,0.034037236,-0.93192554,0.93192554,-0.05843676578846817,0.05843676578846817,-0.19232183694839478
368,ALCARAZ,ALCARAZ,6,ERROR,1st Serve,92,40.0,Right,11.388975265017669,7.60399293286219,23.723999999999993,19.44,19.737524597171227,33.69066091101119,192.50077327862363,725.4130000000001,5.35208480565371,8.28540636042403,13.319999999999999,22.949999999999978,12.608732356527813,28.470794860839725,153.9873576388889,697.9750000000003,119.97499161665502,124.18699053615323,67.01724863273033,100.0,48.845686512758206,5.956665996655196,3.093778091855315,57.22152081047882,126.3941170203359,132.14521257498757,70.63525452250737,100.0,71.5674362089915,8.13327733189202,15.230907529133875,26.462805419861073,196.44847173056863,80.31591737545565,91.10070257611241,0.0,0.0,0.0,1,1,1,1,0.9513914,0.9027828,-0.9027828,0.13380714693190862,-0.13380714693190862,-0.09906251430511474
369,ALCARAZ,ALCARAZ,9,WINNER,1st Serve,87,50.0,Right,4.029357798165138,7.227633027522935,10.727999999999986,23.183999999999997,21.064907951066917,102.10848293820752,134.96449179887205,483.54065986394403,5.758733944954129,5.432366972477064,14.760000000000002,15.407999999999983,10.987373626680887,24.348567064684875,85.298736230347,313.6125,128.9527952104699,145.2350505937208,67.52208666386201,100.0,68.89428918590522,11.70265627651397,16.65639677530315,15.493253556742413,95.76803017896103,113.98070450857,63.1888935633151,50.0,48.42041312272175,19.737794737500717,21.958627490984647,29.299911654877242,210.0879555348043,23.93681652490887,89.69555035128806,0.0,0.0,0.0,1,1,1,1,0.9448351,0.88967025,-0.88967025,0.28497976810552456,-0.28497976810552456,-0.00575474500656128
370,SINNER,ALCARAZ,7,ERROR,2nd Serve,96,50.0,Right,6.7727613941018765,8.607024128686326,16.92,22.10399999999999,16.81991484853333,32.7343311345433,185.01419932432432,665.431000000001,4.382010723860589,5.088498659517426,10.079999999999998,13.967999999999982,9.426952887192366,20.679766124925614,82.04637612612613,353.73750000000035,132.22368321516655,132.69700383749276,57.8039545645772,66.66666666666666,3.8882138517618468,0.6693764434446039,1.4873933133919761,1.202854791811867,142.2922849212051,153.4392368204833,81.51731874912355,100.0,67.92223572296477,17.85475167045552,6.293249991011516,24.457577930644156,0.0,0.0,0.0,160.76082101576935,18.347509113001216,66.12021857923497,2,1,0,1,0.99775594,0.9955119,-0.9955119,0.4270861923759603,-0.4270861923759603,0.09308074414730072
371,ALCARAZ,ALCARAZ,5,WINNER,1st Serve,82,60.0,Left,9.338314606741573,7.495393258426965,21.491999999999997,19.490400000000005,31.17055545191443,134.6802445706992,205.2439532500935,852.0156666666661,5.173258426966292,7.653595505617978,12.24,21.851999999999997,11.388669719026657,22.510147604581974,88.20462436868688,258.66249999999997,133.9342274478018,136.4128284691806,79.6381994110223,100.0,37.424058323207774,3.5052711801456953,7.377470834424229,41.412572118094275,128.42454386091657,134.86378258972516,70.8876735380732,100.0,94.77521263669502,9.106458741639207,6.9015049741387875,1.546527589472401,166.9250570126759,81.53098420413123,64.09055425448868,0.0,0.0,0.0,1,0,1,1,0.958508,0.917016,-0.917016,0.5250721597723503,-0.5250721597723503,0.10696757137775421
372,ALCARAZ,ALCARAZ,6,ERROR,1st Serve,82,70.0,Right,6.188664596273292,8.410062111801242,13.320000000000002,21.24,15.728414008491313,28.256345990580073,170.94272059973414,650.8320000000001,6.14916149068323,5.935434782608696,11.520000000000001,19.8,10.640926702567423,21.74948275247023,82.63194444444446,302.5999999999992,112.37651164573953,126.08943419387488,82.4989482541018,100.0,42.162818955042525,19.39300104734483,18.443677086060546,17.183639883026668,123.84965686395479,147.29205647968791,73.24358435002102,100.0,48.96719319562576,33.15255947113961,31.056772383624544,0.6873455953210694,201.05827696390367,46.537059538274605,97.50195160031225,0.0,0.0,0.0,1,1,1,1,0.9668015,0.93360305,-0.93360305,0.6067783374827973,-0.6067783374827973,0.19482161700725556
373,SINNER,ALCARAZ,9,ERROR,1st Serve,82,70.0,Left,6.11334702258727,6.280749486652978,16.451999999999998,17.640000000000004,13.687179793264798,28.54635900285442,119.96070821854914,405.58700000000005,6.751971252566735,4.4207186858316225,13.680000000000001,11.879999999999999,10.073834339800513,17.769064656965774,62.764810749540864,190.0,125.25027952714167,134.48279007899677,76.77745056794278,100.0,51.31632239773188,13.666605380690404,10.38128078396077,14.674332124876173,142.59692061497807,160.68654853326197,74.40050483803113,100.0,61.66464155528555,15.691293262835009,17.088209451586422,22.94246529683111,0.0,0.0,0.0,145.04954375202342,22.721749696233292,78.61046057767369,1,0,0,1,0.9432017,0.88640344,-0.88640344,0.6627033582720655,-0.6627033582720655,0.28084232807159426
374,ALCARAZ,ALCARAZ,6,ERROR,1st Serve,82,80.0,Left,4.829789473684211,7.125263157894738,11.88,21.62880000000001,11.970234507043898,24.684482774844668,130.3052661741529,468.0790399999993,4.158315789473685,5.699789473684211,11.448000000000004,16.416000000000007,9.217433766893658,17.468039085539196,78.23427034081953,229.39999999999995,138.79515886905983,143.25572159014982,85.99074463609591,100.0,68.6512758201701,6.308188295981295,4.2241970100332225,18.902003871329335,118.15663453245959,133.51705525728747,90.70256625999158,100.0,57.71567436208992,21.722915312808347,1.2494103832492602,1.0310183929816041,214.15770268464547,39.00364520048603,90.00780640124903,0.0,0.0,0.0,1,0,1,1,0.979761,0.959522,-0.959522,0.7220670883968273,-0.7220670883968273,0.27988133430480955
375,ALCARAZ,ALCARAZ,7,WINNER,1st Serve,82,90.0,Right,8.439720670391061,5.163268156424581,19.493999999999993,14.093999999999989,12.226051261349896,24.118772250326074,121.54900312989047,449.07199999999995,4.187513966480447,7.026201117318436,11.88,19.907999999999983,13.037899882111045,27.89371517875389,123.31614377934272,585.6590000000001,139.7977071553788,144.13132352321367,73.72037582386761,100.0,39.570676387201296,4.481466782069849,18.60615881921706,24.302956608617077,107.56280696579763,127.7285252162067,62.47370635254523,100.0,68.65127582017011,24.879717989464417,14.421795019951501,30.55693777335266,208.6118244799381,90.27946537059537,86.72911787665886,0.0,0.0,0.0,1,1,1,1,0.9862916,0.9725832,-0.9725832,0.772170305658563,-0.772170305658563,0.3763886094093323
376,SINNER,SINNER,2,RETURN WINNER,1st Serve,82,90.0,Left,2.441428571428571,7.075714285714286,5.381999999999999,19.404,9.580263858824775,24.034552715553968,145.5263888888889,694.2520000000007,7.676428571428571,8.799285714285714,20.465999999999998,20.124000000000002,16.376788048835373,37.04173039235553,224.90493431465657,1034.1250000000005,0.0,0.0,0.0,0.0,0.0,0.0,0.0,0.0,0.0,0.0,0.0,100.0,0.0,0.0,0.0,0.0,0.0,0.0,0.0,201.7452989743678,5.224787363304982,80.64012490241998,1,0,0,0,0.019924426,-0.96015114,0.96015114,0.42570601734255475,-0.42570601734255475,0.3730930358171463
377,SINNER,SINNER,6,ERROR,1st Serve,82,80.0,Right,4.111150159744409,5.632907348242811,9.0,15.479999999999999,8.673091478676069,16.368696377129133,76.13450582437275,288.62600000000015,10.48811501597444,5.759233226837062,21.96,15.623999999999992,15.053320415115483,25.850074147698418,131.682521281362,513.4250000000002,123.48270567065425,125.18492623355658,73.32772402187632,100.0,81.65249088699879,2.4073034062068337,10.947214786564976,19.07384027015961,122.7854103055312,128.1515104894549,58.35086243163652,100.0,17.61846901579587,7.5888116571576445,22.846361293700824,10.653856727476537,0.0,0.0,0.0,214.26208728735304,28.068043742405834,81.10850897736144,1,1,0,0,0.025628634,-0.94874275,0.94874275,0.150816264412679,-0.150816264412679,0.28489954173564913
378,ALCARAZ,ALCARAZ,4,ERROR,2nd Serve,82,80.0,Left,4.282974683544304,5.071518987341773,10.8,14.148000000000005,8.45961371962282,15.24820796327004,64.38738082437276,241.09799999999973,5.45363924050633,7.976962025316453,13.014000000000005,21.762000000000008,14.48139630278829,30.953478841872325,151.9444544006372,583.8749999999987,119.46782284747374,119.46782284747374,96.46613378207824,100.0,47.75212636695018,0.0,0.0,0.0,92.75510553904648,92.75510553904648,76.77745056794278,100.0,72.29647630619684,0.0,0.0,0.0,176.2466093255853,58.93074119076549,95.47228727556596,0.0,0.0,0.0,2,0,1,1,0.33511424,-0.32977152,0.32977152,0.0546987077886881,-0.0546987077886881,0.22019398510456084
379,ALCARAZ,ALCARAZ,2,RETURN WINNER,1st Serve,82,80.0,Right,7.098648648648648,10.212162162162164,16.992,21.311999999999998,19.9766004723442,51.00945948052254,264.0203540849673,909.5406124999995,2.783513513513513,12.605675675675677,5.0544,25.2,18.067736864249387,39.43581965742026,352.4811376633987,1330.5599999999993,0.0,0.0,0.0,100.0,0.0,0.0,0.0,0.0,0.0,0.0,0.0,0.0,0.0,0.0,0.0,0.0,221.7568910515764,7.897934386391252,74.08274785323967,0.0,0.0,0.0,1,1,1,1,0.9676501,0.93530023,-0.93530023,0.23081901242693442,-0.23081901242693442,0.30795066356658934
